"","LNG","LAT"
"1",127.4582707,36.3233342
"2",127.4610325,36.3162189
"3",127.4579307,36.3109913
"4",127.4480353,36.3520282
"5",127.4477282,36.3444333
"6",127.4550684,36.3301051
"7",127.4645065,36.3258704
"8",127.4439517,36.3323045
"9",127.4488838,36.3365309
"10",127.4629865,36.2905033
"11",127.4317109,36.3454846
"12",127.4159854,36.3434006
"13",127.4391424,36.3468702
"14",127.4402607,36.3537665
"15",127.4421961,36.3359862
"16",127.4524752,36.3538191
"17",127.4501301,36.3308379
"18",127.4287126,36.3315627
"19",127.4403112,36.3302017
"20",127.4540401,36.3070763
"21",127.4495766,36.3214608
"22",127.4428749,36.3400043
"23",127.4183404,36.3417831
"24",127.430145,36.3442029
"25",127.4295341,36.3556755
"26",127.4243984,36.3390067
"27",127.4469769,36.3243058
"28",127.4275998,36.3353063
"29",127.4415569,36.3228757
"30",127.4501392,36.3520865
"31",127.4494546,36.3452485
"32",127.4441137,36.3495528
"33",127.4427214,36.3315855
"34",127.4506259,36.3361079
"35",127.4616566,36.3294822
"36",127.4554225,36.3306409
"37",127.4631755,36.3266146
"38",127.4462384,36.3162635
"39",127.4580141,36.3110868
"40",127.4556619,36.3023911
"41",127.4685876,36.2792727
"42",127.4491911,36.3207379
"43",127.4604994,36.3231682
"44",127.4607724,36.3150022
"45",127.4263314,36.3479635
"46",127.4378089,36.3462297
"47",127.4306126,36.3448719
"48",127.4302388,36.3532962
"49",127.4350934,36.3381374
"50",127.4512811,36.3505847
"51",127.4531391,36.3486084
"52",127.4551282,36.3315828
"53",127.4557321,36.3202208
"54",127.4464114,36.3401557
"55",127.4423194,36.3489107
"56",127.4449446,36.3392349
"57",127.4292571,36.3526928
"58",127.4251968,36.3422157
"59",127.4406925,36.3371137
"60",127.4456263,36.3222992
"61",127.4333555,36.3378491
"62",127.4354679,36.3244152
"63",127.4365298,36.3350112
"64",127.4425841,36.3350427
"65",127.4411546,36.3338361
"66",127.4259424,36.3340553
"67",127.4529149,36.3460959
"68",127.4494683,36.3480984
"69",127.4512214,36.3431175
"70",127.4572833,36.3365379
"71",127.4591857,36.3293841
"72",127.4569549,36.3285669
"73",127.4654485,36.3296918
"74",127.4463276,36.3179286
"75",127.4751905,36.3502927
"76",127.4298731,36.3497081
"77",127.4392975,36.3440527
"78",127.4481088,36.3289914
"79",127.4625667,36.3271705
"80",127.4366116,36.3479198
"81",127.4301527,36.3511399
"82",127.4228179,36.3415428
"83",127.4337629,36.3513496
"84",127.4208031,36.3474401
"85",127.4220464,36.3444331
"86",127.4425787,36.3482128
"87",127.4499036,36.3443733
"88",127.4613642,36.3295924
"89",127.4603409,36.3259067
"90",127.4637929,36.3287398
"91",127.4494323,36.3364629
"92",127.4511684,36.3329949
"93",127.4513381,36.3325385
"94",127.4629047,36.3165535
"95",127.4542172,36.3190499
"96",127.4538899,36.3187992
"97",127.4661594,36.2818745
"98",127.4650211,36.2784813
"99",127.4699006,36.2784883
"100",127.4667683,36.2791342
"101",127.4478159,36.3150808
"102",127.4475262,36.3151889
"103",127.4560212,36.3103642
"104",127.4593873,36.3039922
"105",127.4578612,36.3059938
"106",127.4334009,36.3495729
"107",127.4350842,36.3552462
"108",127.4350607,36.3541266
"109",127.4204691,36.3476746
"110",127.4273288,36.3518914
"111",127.4401197,36.3492781
"112",127.4429574,36.3451324
"113",127.4515144,36.3384076
"114",127.4506987,36.3404366
"115",127.4427923,36.3254447
"116",127.4478704,36.3217839
"117",127.4367695,36.3220962
"118",127.4440205,36.3178133
"119",127.4419819,36.3166148
"120",127.4581327,36.3158019
"121",127.4591858,36.3256982
"122",127.4647478,36.3251879
"123",127.4618896,36.2896605
"124",127.4661863,36.2768293
"125",127.4359448,36.2552901
"126",127.4306613,36.3368456
"127",127.4464381,36.3216114
"128",127.4466537,36.3235201
"129",127.4227611,36.3474332
"130",127.4307223,36.3483125
"131",127.4435827,36.3486695
"132",127.4667173,36.3178903
"133",127.4564623,36.3161652
"134",127.4574836,36.3226154
"135",127.4564307,36.3354152
"136",127.4633643,36.3316924
"137",127.4605461,36.3252976
"138",127.4336507,36.3530784
"139",127.4312073,36.3520183
"140",127.4291373,36.3489103
"141",127.4271062,36.3491773
"142",127.4403836,36.3472397
"143",127.4507113,36.3419971
"144",127.4473038,36.3507384
"145",127.4338038,36.3394051
"146",127.4563782,36.3084395
"147",127.4605246,36.3096034
"148",127.4460035,36.3128004
"149",127.4487075,36.3509981
"150",127.4431319,36.3321793
"151",127.4215538,36.3417524
"152",127.4594543,36.3155857
"153",127.4710966,36.2792168
"154",127.4640346,36.3252911
"155",127.4630341,36.3250145
"156",127.4756233,36.3719897
"157",127.4743466,36.3731451
"158",127.4361028,36.3577289
"159",127.4377496,36.3571413
"160",127.4309758,36.3554953
"161",127.4550153,36.3075673
"162",127.4554123,36.3071264
"163",127.4591884,36.3060689
"164",127.4587485,36.3047634
"165",127.4630602,36.2771677
"166",127.4629261,36.2767828
"167",127.4627383,36.2768131
"168",127.4744485,36.3755488
"169",127.4536593,36.3189764
"170",127.4410041,36.3244437
"171",127.4478596,36.3457534
"172",127.4480892,36.2282894
"173",127.4923646,36.3412797
"174",127.4709914,36.3738055
"175",127.4528821,36.3096032
"176",127.4519908,36.3061445
"177",127.4193208,36.3469003
"178",127.4514565,36.3270515
"179",127.4461781,36.3157663
"180",127.4379209,36.3236216
"181",127.4379209,36.3236216
"182",127.4419529,36.3376761
"183",127.4985257,36.3540516
"184",127.4290697,36.3478693
"185",127.4391633,36.3208523
"186",127.4334306,36.3554317
"187",127.4474564,36.3491068
"188",127.4760167,36.2845277
"189",127.4616497,36.3273592
"190",127.4625062,36.3291872
"191",127.4552264,36.3265164
"192",127.4204545,36.3461057
"193",127.4611522,36.3264845
"194",127.4480824,36.3349744
"195",127.4307897,36.3465237
"196",127.4843822,36.3353979
"197",127.4300845,36.3422837
"198",127.4458377,36.3257183
"199",127.4604704,36.3166667
"200",127.4307933,36.3555383
"201",127.4583782,36.2848574
"202",127.4515515,36.3396214
"203",127.4637441,36.2888639
"204",127.4652962,36.3366299
"205",127.4523141,36.2929999
"206",127.4621669,36.2972177
"207",127.4555442,36.3272949
"208",127.4676081,36.3174003
"209",127.4545289,36.3336528
"210",127.4479763,36.3519093
"211",127.4671337,36.2753052
"212",127.4404063,36.3364981
"213",127.4398316,36.3376014
"214",127.4453036,36.3319417
"215",127.4266964,36.3397836
"216",127.4357601,36.3575478
"217",127.4315066,36.3557494
"218",127.4339817,36.3288819
"219",127.4339658,36.3262106
"220",127.4364918,36.3523935
"221",127.4567853,36.3069641
"222",127.4322679,36.3500272
"223",127.4542229,36.3282541
"224",127.4352441,36.3267907
"225",127.4553723,36.3059625
"226",127.4327286,36.3284683
"227",127.4616773,36.3277165
"228",127.4285377,36.3344811
"229",127.4305237,36.3289197
"230",127.4317858,36.3274171
"231",127.4430313,36.3295983
"232",127.4512561,36.3488499
"233",127.4388273,36.3499155
"234",127.4378087,36.3519097
"235",127.4370162,36.3492227
"236",127.4603222,36.3173582
"237",127.4333357,36.3300388
"238",127.4319539,36.3325688
"239",127.4303605,36.3321351
"240",127.4248835,36.3415333
"241",127.4311225,36.3311921
"242",127.4313859,36.3306562
"243",127.4333808,36.3271073
"244",127.4335751,36.3513388
"245",127.4312772,36.3526265
"246",127.4364894,36.3470034
"247",127.4277488,36.3502319
"248",127.4207816,36.3409923
"249",127.4407414,36.3446299
"250",127.4530704,36.3477884
"251",127.4483376,36.3401755
"252",127.4502419,36.3391483
"253",127.4471354,36.3333023
"254",127.4497046,36.3331353
"255",127.4442674,36.3294719
"256",127.4483205,36.3300643
"257",127.4418311,36.3415775
"258",127.4204505,36.3424288
"259",127.4306349,36.3430344
"260",127.430723,36.3567552
"261",127.4222008,36.3409249
"262",127.4475691,36.32522
"263",127.4291137,36.336086
"264",127.4408393,36.3257016
"265",127.4699004,36.2798698
"266",127.4481858,36.2278913
"267",127.4929464,36.3412252
"268",127.4447065,36.3168757
"269",127.4351917,36.3475474
"270",127.4494298,36.3221168
"271",127.4683343,36.3157856
"272",127.4577557,36.3276789
"273",127.4519322,36.3435938
"274",127.4428728,36.3426456
"275",127.4470879,36.3531564
"276",127.4565693,36.3471364
"277",127.4749849,36.3492589
"278",127.4312645,36.3482654
"279",127.4480537,36.3255652
"280",127.4503297,36.3304429
"281",127.4459308,36.3172981
"282",127.4648654,36.3266611
"283",127.4717835,36.2674752
"284",127.4718855,36.270347
"285",127.4688385,36.2720467
"286",127.4396162,36.3424319
"287",127.4444081,36.3318375
"288",127.4506287,36.3372667
"289",127.4452562,36.3478857
"290",127.4386466,36.3367606
"291",127.4310192,36.3501858
"292",127.434098,36.3437426
"293",127.4298151,36.3476439
"294",127.4274764,36.3456837
"295",127.4297296,36.3342475
"296",127.4357367,36.3238852
"297",127.4442547,36.3282631
"298",127.4190273,36.3424743
"299",127.4270286,36.3368814
"300",127.4621017,36.3105803
"301",127.4613498,36.3088844
"302",127.4719604,36.3160131
"303",127.4553201,36.3159558
"304",127.4490906,36.3237356
"305",127.4498345,36.3202022
"306",127.4491423,36.3248346
"307",127.4790908,36.4175418
"308",127.4651751,36.2876082
"309",127.4483822,36.3369312
"310",127.4418955,36.3389297
"311",127.4445598,36.3429786
"312",127.4510792,36.3445972
"313",127.4879492,36.3508353
"314",127.4876461,36.3508115
"315",127.4269344,36.3453151
"316",127.4454963,36.3244513
"317",127.4450591,36.3243757
"318",127.4453112,36.3239867
"319",127.4443896,36.3267724
"320",127.4452248,36.3265116
"321",127.469366,36.237932
"322",127.5071435,36.3689976
"323",127.4485708,36.3387858
"324",127.4487343,36.3388445
"325",127.4565045,36.3154659
"326",127.4563265,36.3153669
"327",127.4616757,36.3294892
"328",127.4603168,36.3261163
"329",127.4562386,36.3332264
"330",127.4567318,36.3030268
"331",127.4632801,36.2775785
"332",127.4630441,36.2767136
"333",127.4686496,36.2383234
"334",127.4700996,36.2352824
"335",127.4524014,36.3396413
"336",127.4320274,36.3562644
"337",127.4298034,36.3550752
"338",127.4327989,36.3448887
"339",127.4313515,36.3439036
"340",127.4276874,36.3466568
"341",127.4228428,36.3446456
"342",127.4175088,36.3400882
"343",127.4193045,36.3398922
"344",127.4144221,36.3420004
"345",127.4254136,36.3379379
"346",127.4390933,36.3320523
"347",127.4398347,36.3359503
"348",127.4396074,36.3368956
"349",127.4394983,36.3371944
"350",127.4809232,36.3866132
"351",127.4395044,36.3372004
"352",127.4289178,36.3331093
"353",127.4373609,36.3208276
"354",127.4444643,36.3229196
"355",127.4491457,36.3280317
"356",127.4509114,36.3296493
"357",127.4480494,36.3314265
"358",127.4478996,36.3312127
"359",127.4509942,36.3064281
"360",127.4480407,36.3187152
"361",127.4475654,36.3187706
"362",127.4475627,36.3187598
"363",127.4387734,36.3178208
"364",127.4427743,36.3114359
"365",127.4512254,36.3051116
"366",127.4447401,36.3182009
"367",127.4473894,36.3180575
"368",127.4546099,36.3475591
"369",127.4493436,36.3460362
"370",127.458082,36.3135024
"371",127.4804908,36.3310547
"372",127.4491965,36.3229718
"373",127.4515388,36.3211725
"374",127.4662594,36.3283193
"375",127.4662809,36.3261388
"376",127.4741677,36.3457228
"377",127.4804031,36.3316777
"378",127.4779443,36.3790022
"379",127.4548407,36.2294923
"380",127.4683153,36.2808735
"381",127.4530107,36.3373872
"382",127.4420003,36.3324737
"383",127.4422894,36.3323466
"384",127.4422572,36.3454456
"385",127.4458234,36.3444483
"386",127.425775,36.3270417
"387",127.4260389,36.3242
"388",127.4237806,36.3311333
"389",127.416975,36.3350278
"390",127.4258361,36.3200917
"391",127.43165,36.3222889
"392",127.4354528,36.3157444
"393",127.39195,36.3079806
"394",127.3918611,36.3178583
"395",127.409425,36.3265722
"396",127.4276222,36.3266833
"397",127.4340278,36.3181306
"398",127.4448056,36.3084056
"399",127.4315806,36.3139694
"400",127.4490083,36.3017056
"401",127.3902417,36.3089972
"402",127.3988139,36.3221583
"403",127.3958972,36.3063833
"404",127.3851056,36.2986722
"405",127.4013472,36.3070222
"406",127.4084528,36.2667139
"407",127.4077528,36.3154
"408",127.3990667,36.3119778
"409",127.3903694,36.3157167
"410",127.3946583,36.3160639
"411",127.3960194,36.3221389
"412",127.3889639,36.3229139
"413",127.4200944,36.3160306
"414",127.4101056,36.319075
"415",127.3979444,36.3309722
"416",127.3919,36.3183333
"417",127.4100417,36.3371139
"418",127.41105,36.3420972
"419",127.4056833,36.3366056
"420",127.4141639,36.3298778
"421",127.4238028,36.3318444
"422",127.4466167,36.3060056
"423",127.4364139,36.3167194
"424",127.4015806,36.3224333
"425",127.4010056,36.3286639
"426",127.413025,36.3139139
"427",127.4086028,36.3134472
"428",127.4210333,36.31885
"429",127.4212694,36.3126361
"430",127.4101556,36.3389278
"431",127.4075528,36.3383417
"432",127.4189028,36.3277694
"433",127.4026417,36.3078167
"434",127.3986278,36.3061833
"435",127.4524944,36.296875
"436",127.4481417,36.3026944
"437",127.4477778,36.302425
"438",127.4469917,36.3008944
"439",127.4445972,36.3090278
"440",127.4457694,36.3092639
"441",127.4444806,36.3076028
"442",127.4311556,36.3146028
"443",127.4359694,36.3102278
"444",127.4337389,36.3106583
"445",127.4267472,36.3196111
"446",127.4275111,36.3207083
"447",127.4283417,36.3255333
"448",127.4056722,36.3110028
"449",127.4012583,36.3108778
"450",127.400375,36.3074694
"451",127.3981083,36.3073111
"452",127.3968694,36.3113667
"453",127.3966,36.3126333
"454",127.4007417,36.3161083
"455",127.4007417,36.3184722
"456",127.3988222,36.3209639
"457",127.3950556,36.32035
"458",127.3899611,36.3082889
"459",127.3855583,36.305225
"460",127.3849528,36.3053806
"461",127.3869889,36.2992778
"462",127.3841278,36.3038778
"463",127.3917139,36.3047444
"464",127.3829694,36.2966778
"465",127.3847639,36.3001694
"466",127.3877111,36.2963944
"467",127.3835083,36.2954611
"468",127.3801417,36.2918278
"469",127.3790917,36.2902222
"470",127.3792889,36.2865083
"471",127.4147167,36.31845
"472",127.4213806,36.32
"473",127.419125,36.3230861
"474",127.4031361,36.3320722
"475",127.4044111,36.3253111
"476",127.4040333,36.3246028
"477",127.4099694,36.3106389
"478",127.4054056,36.3172417
"479",127.3989944,36.3245806
"480",127.4007556,36.32445
"481",127.3980639,36.3272111
"482",127.3943361,36.3284056
"483",127.3973306,36.3290333
"484",127.3869778,36.3162583
"485",127.4033361,36.3360444
"486",127.4083694,36.3320611
"487",127.4084972,36.3330167
"488",127.4079417,36.3374583
"489",127.4057639,36.3380472
"490",127.4119,36.3385639
"491",127.4127861,36.3385
"492",127.4114083,36.3418139
"493",127.4221694,36.3325583
"494",127.4205639,36.3314417
"495",127.4173444,36.3280667
"496",127.4148556,36.3317417
"497",127.4166722,36.3287833
"498",127.4396806,36.3061889
"499",127.4363278,36.3189333
"500",127.4533944,36.3013361
"501",127.451775,36.2992778
"502",127.3873194,36.307325
"503",127.3921,36.3077139
"504",127.3890583,36.3045167
"505",127.4151056,36.3248722
"506",127.39205,36.3253333
"507",127.3988222,36.3262778
"508",127.4038667,36.3303583
"509",127.4160861,36.3155528
"510",127.4175917,36.3257194
"511",127.4172,36.3297139
"512",127.4248056,36.3270472
"513",127.4360194,36.3086694
"514",127.4306028,36.3119
"515",127.4294806,36.3129417
"516",127.4308806,36.3099833
"517",127.4539111,36.2972667
"518",127.4262972,36.3261167
"519",127.4448417,36.3073222
"520",127.4023083,36.3110417
"521",127.3913667,36.3087556
"522",127.3876333,36.2989972
"523",127.3845556,36.301575
"524",127.3852583,36.3027111
"525",127.3966889,36.310125
"526",127.3949556,36.3098278
"527",127.3951833,36.3086056
"528",127.4214417,36.3197194
"529",127.4223972,36.3193694
"530",127.3867278,36.3170694
"531",127.4111833,36.3191028
"532",127.4045194,36.3163056
"533",127.4110944,36.3189528
"534",127.4114,36.3124444
"535",127.41365,36.3127694
"536",127.4084139,36.3126333
"537",127.4127833,36.3116472
"538",127.4104528,36.3208194
"539",127.4076444,36.3160139
"540",127.39025,36.321825
"541",127.3903778,36.3218917
"542",127.4111056,36.3348833
"543",127.4153306,36.338775
"544",127.4045694,36.3377444
"545",127.4182333,36.3277333
"546",127.4163889,36.3352194
"547",127.4307583,36.3261028
"548",127.4378306,36.3162667
"549",127.4402361,36.3110806
"550",127.4338389,36.3095694
"551",127.3957694,36.3148639
"552",127.4035972,36.3198278
"553",127.4003972,36.31145
"554",127.393625,36.3082056
"555",127.3934056,36.3142639
"556",127.4027,36.3312306
"557",127.4042917,36.3200222
"558",127.4001222,36.3256639
"559",127.3957472,36.3314222
"560",127.4172361,36.336325
"561",127.4347917,36.316875
"562",127.4384417,36.3106917
"563",127.4028556,36.3065306
"564",127.3899389,36.3056972
"565",127.3906583,36.3062667
"566",127.3943222,36.3189444
"567",127.4012361,36.3147139
"568",127.3857667,36.2960694
"569",127.419625,36.3166889
"570",127.4115444,36.3257833
"571",127.4283139,36.3138083
"572",127.3916583,36.3262944
"573",127.4017139,36.325775
"574",127.3943778,36.3224667
"575",127.4122806,36.3363278
"576",127.4094139,36.3341556
"577",127.4364611,36.3116639
"578",127.4277278,36.3266361
"579",127.4251111,36.3257861
"580",127.4235694,36.325175
"581",127.4028861,36.3093694
"582",127.4007278,36.3285639
"583",127.4121722,36.3246806
"584",127.4113056,36.3095667
"585",127.4044361,36.3176361
"586",127.4138472,36.3231333
"587",127.4059083,36.3305333
"588",127.4099583,36.3216694
"589",127.4209222,36.3241972
"590",127.4150528,36.3348389
"591",127.4267111,36.3304222
"592",127.4294694,36.3273556
"593",127.4302444,36.312675
"594",127.4285028,36.3260333
"595",127.3979361,36.3193139
"596",127.3988528,36.3088167
"597",127.39,36.3225861
"598",127.4195944,36.3173611
"599",127.4077083,36.3184833
"600",127.4219917,36.3200306
"601",127.3865722,36.3185722
"602",127.4116778,36.3206972
"603",127.4117083,36.3212639
"604",127.4091139,36.3352167
"605",127.4117056,36.3406833
"606",127.4104667,36.3421167
"607",127.423025,36.3333083
"608",127.42035,36.3311278
"609",127.429425,36.3263611
"610",127.4297806,36.3257306
"611",127.4288611,36.3254722
"612",127.4270861,36.3247583
"613",127.4250444,36.3248111
"614",127.4254861,36.3239528
"615",127.4076722,36.3210806
"616",127.4382194,36.3121528
"617",127.4313611,36.3125889
"618",127.4004139,36.3170278
"619",127.3983111,36.2775944
"620",127.414625,36.2263806
"621",127.4202472,36.3203972
"622",127.4080528,36.3281306
"623",127.4256167,36.3156583
"624",127.4055889,36.3256528
"625",127.4101278,36.3376528
"626",127.4493306,36.3021917
"627",127.4467861,36.3087917
"628",127.4407278,36.3078028
"629",127.4326583,36.3137944
"630",127.4277917,36.3200722
"631",127.3841917,36.2965083
"632",127.3840111,36.3004583
"633",127.3969083,36.306575
"634",127.401275,36.309125
"635",127.39595,36.3200944
"636",127.3975806,36.3134722
"637",127.3964917,36.3166583
"638",127.3961667,36.3077028
"639",127.3944528,36.3205
"640",127.4041167,36.3270083
"641",127.4046528,36.3396639
"642",127.4038694,36.3392694
"643",127.4041778,36.3386389
"644",127.4369111,36.3075139
"645",127.4327389,36.3117833
"646",127.4476333,36.3008444
"647",127.4494556,36.3011861
"648",127.4352972,36.3185417
"649",127.4336389,36.3190861
"650",127.3958056,36.3128556
"651",127.3964167,36.3127861
"652",127.3905806,36.2878972
"653",127.3911222,36.2873417
"654",127.3989278,36.3064917
"655",127.3937528,36.3182056
"656",127.3999278,36.3067833
"657",127.391525,36.3091972
"658",127.4097722,36.2661639
"659",127.4126556,36.321475
"660",127.4034528,36.3319361
"661",127.3888972,36.3236556
"662",127.4104722,36.3271028
"663",127.4049972,36.3384694
"664",127.4037694,36.3383139
"665",127.4035972,36.3379806
"666",127.4040944,36.3389361
"667",127.4082667,36.3359306
"668",127.4166556,36.3382139
"669",127.4110167,36.3432028
"670",127.4154667,36.3308306
"671",127.4253549,36.32697206
"672",127.4253213,36.32696297
"673",127.4377986,36.31365671
"674",127.4292713,36.31952301
"675",127.4374795,36.31824044
"676",127.4278741,36.31670392
"677",127.4349557,36.30980222
"678",127.4421849,36.30841052
"679",127.4435487,36.30646125
"680",127.4544741,36.29699937
"681",127.388953,36.31441849
"682",127.4048159,36.31383269
"683",127.4004709,36.31701608
"684",127.40393179,36.31058055
"685",127.3885581,36.3036232
"686",127.3920146,36.31252902
"687",127.375171,36.28201658
"688",127.4094394,36.32859556
"689",127.4199282,36.31072782
"690",127.4091931,36.32218152
"691",127.3967257,36.32680062
"692",127.3944598,36.32705036
"693",127.4121193,36.33424826
"694",127.4130667,36.33964291
"695",127.423765,36.32876216
"696",127.4266377,36.33125061
"697",127.4178435,36.32994303
"698",127.434892,36.31160248
"699",127.3923073,36.30460148
"700",127.4149762,36.3152558
"701",127.3932238,36.32770704
"702",127.4336526,36.3142678
"703",127.4415902,36.3070906
"704",127.4372177,36.3125031
"705",127.4268747,36.3211845
"706",127.4306064,36.3109989
"707",127.453838,36.297583
"708",127.402825,36.307342
"709",127.388025,36.304642
"710",127.3992253,36.3077943
"711",127.4044,36.308142
"712",127.3972871,36.321532
"713",127.4027748,36.3078545
"714",127.4027748,36.3078545
"715",127.3898432,36.2944827
"716",127.3997612,36.274958
"717",127.411116,36.3278929
"718",127.4182892,36.3217604
"719",127.4211837,36.3172519
"720",127.3943375,36.3286117
"721",127.4100337,36.3258181
"722",127.409564,36.3347171
"723",127.4162453,36.3300298
"724",127.4205831,36.3335929
"725",127.423133,36.3332932
"726",127.4157677,36.3240496
"727",127.415773,36.325782
"728",127.415686,36.325087
"729",127.4154616,36.3265571
"730",127.4162994,36.3256046
"731",127.4300315,36.3227918
"732",127.4308959,36.3211559
"733",127.4339734,36.3208631
"734",127.4391397,36.3133005
"735",127.4371845,36.3086134
"736",127.4389803,36.3094254
"737",127.4403826,36.3091888
"738",127.4423808,36.3075757
"739",127.4382076,36.3040757
"740",127.4443758,36.3104952
"741",127.4475405,36.3034055
"742",127.45151,36.3013359
"743",127.4534192,36.2991441
"744",127.4545594,36.2998687
"745",127.4290638,36.3150031
"746",127.4289292,36.3120303
"747",127.434646,36.3146746
"748",127.4370133,36.3104899
"749",127.4276894,36.3097306
"750",127.4428024,36.3074238
"751",127.3879799,36.3021928
"752",127.3865388,36.3078348
"753",127.3860611,36.3092543
"754",127.3867705,36.2973089
"755",127.3891903,36.3075015
"756",127.3762538,36.2857556
"757",127.3959492,36.3031888
"758",127.3925792,36.3045925
"759",127.3944264,36.3145285
"760",127.3877671,36.3143526
"761",127.4026974,36.3194923
"762",127.4021342,36.3136741
"763",127.396906,36.3175276
"764",127.3998954,36.313969
"765",127.3975755,36.315377
"766",127.4076367,36.308495
"767",127.4075218,36.3124992
"768",127.4023698,36.3319373
"769",127.4119467,36.3276497
"770",127.4003845,36.3304912
"771",127.3996293,36.3327339
"772",127.4022938,36.3237154
"773",127.3959226,36.3300902
"774",127.4111992,36.3139324
"775",127.42644,36.3145496
"776",127.4240093,36.3152452
"777",127.4229874,36.3172128
"778",127.4175859,36.3153613
"779",127.421254,36.3135264
"780",127.409594,36.3361521
"781",127.4136152,36.335386
"782",127.4141686,36.3372479
"783",127.4116494,36.3358409
"784",127.4078843,36.3402592
"785",127.4213752,36.3299912
"786",127.416488,36.3323153
"787",127.4176767,36.3272483
"788",127.419804,36.3324775
"789",127.4154367,36.333766
"790",127.4138252,36.328145
"791",127.4338117,36.3204941
"792",127.447262,36.3045098
"793",127.4420738,36.3101766
"794",127.4557062,36.2966288
"795",127.4526404,36.294248
"796",127.4489934,36.3065782
"797",127.4298075,36.3090673
"798",127.4281349,36.3151499
"799",127.4242975,36.323995
"800",127.3999195,36.3149849
"801",127.4029271,36.3107926
"802",127.3803521,36.2876095
"803",127.4101395,36.2320632
"804",127.3979044,36.2550324
"805",127.3820507,36.3047516
"806",127.4196346,36.3201901
"807",127.4234271,36.3192184
"808",127.4269472,36.3126582
"809",127.4227305,36.3146257
"810",127.4090833,36.3261254
"811",127.4018455,36.3337819
"812",127.4061435,36.3220161
"813",127.3938917,36.329371
"814",127.3982583,36.3339491
"815",127.3959561,36.3288253
"816",127.3932293,36.3252979
"817",127.4119164,36.3084009
"818",127.4197496,36.3360105
"819",127.4101234,36.3287172
"820",127.4039988,36.3481813
"821",127.4256293,36.3297454
"822",127.4224023,36.3294513
"823",127.4184793,36.3338517
"824",127.4215455,36.3286543
"825",127.4169358,36.3313794
"826",127.4394447,36.3101743
"827",127.4456726,36.3055277
"828",127.456577,36.2961854
"829",127.4360903,36.3147844
"830",127.3903627,36.3038837
"831",127.3896384,36.3113623
"832",127.3860058,36.2982589
"833",127.4011821,36.3186334
"834",127.3975608,36.3203478
"835",127.4001067,36.3225755
"836",127.3972522,36.3126746
"837",127.4111997,36.3113898
"838",127.391975,36.3281045
"839",127.4235021,36.3204889
"840",127.4080873,36.3391635
"841",127.4139077,36.3363028
"842",127.409018,36.347325
"843",127.4093163,36.3470768
"844",127.3763446,36.28487936
"845",127.388635,36.31617578
"846",127.4291483,36.32294035
"847",127.3871999,36.31005484
"848",127.4459259,36.30790594
"849",127.4112378,36.3454247
"850",127.3893583,36.3163847
"851",127.4093331,36.3091205
"852",127.427938,36.32695
"853",127.4292784,36.32741346
"854",127.4258449,36.32025371
"855",127.433787,36.31755
"856",127.4363443,36.31394885
"857",127.4378048,36.31450025
"858",127.4274831,36.31808624
"859",127.4297753,36.31894459
"860",127.416675,36.31854999
"861",127.434588,36.31297499
"862",127.3952596,36.32563238
"863",127.398876,36.3201807
"864",127.38645,36.30447499
"865",127.4183821,36.32959947
"866",127.427075,36.327083
"867",127.4272954,36.3288956
"868",127.4087318,36.33791661
"869",127.4218447,36.32490497
"870",127.4205989,36.324257
"871",127.43527,36.31583473
"872",127.4139526,36.31660533
"873",127.39891457,36.32876997
"874",127.40015049,36.3258795
"875",127.39187875,36.31788501
"876",127.392655,36.3194458
"877",127.414445,36.32116899
"878",127.4098086,36.32108098
"879",127.3991943,36.30774167
"880",127.3892629,36.30531396
"881",127.388586,36.31013199
"882",127.364722,36.352167
"883",127.373317,36.348958
"884",127.335344,36.300556
"885",127.389106,36.339914
"886",127.377117,36.341744
"887",127.372328,36.316778
"888",127.401156,36.342031
"889",127.361008,36.355647
"890",127.370075,36.354072
"891",127.372281,36.347594
"892",127.386664,36.338353
"893",127.384272,36.339425
"894",127.383053,36.337711
"895",127.383931,36.313042
"896",127.374206,36.318025
"897",127.355469,36.354353
"898",127.366147,36.355642
"899",127.392067,36.3452
"900",127.352169,36.304022
"901",127.367467,36.346172
"902",127.373425,36.345808
"903",127.374014,36.343789
"904",127.338303,36.300086
"905",127.378806,36.320711
"906",127.380347,36.317519
"907",127.372711,36.318097
"908",127.371289,36.314158
"909",127.375292,36.349939
"910",127.3753,36.366222
"911",127.377342,36.327471
"912",127.382842,36.323469
"913",127.398092,36.339589
"914",127.392256,36.334586
"915",127.358694,36.354536
"916",127.365753,36.356628
"917",127.367669,36.354697
"918",127.400617,36.347372
"919",127.395472,36.340922
"920",127.337222,36.30965
"921",127.343389,36.299106
"922",127.378675,36.300775
"923",127.378692,36.3024
"924",127.362261,36.295439
"925",127.361006,36.295508
"926",127.352953,36.301794
"927",127.388642,36.331328
"928",127.366653,36.344925
"929",127.376353,36.343069
"930",127.373311,36.341319
"931",127.340694,36.305825
"932",127.327358,36.298072
"933",127.334769,36.297089
"934",127.384147,36.34035
"935",127.380031,36.330933
"936",127.381044,36.311853
"937",127.371117,36.323742
"938",127.3804,36.319956
"939",127.376372,36.3149
"940",127.373792,36.311189
"941",127.39385,36.354628
"942",127.380814,36.350489
"943",127.392997,36.362428
"944",127.393614,36.359753
"945",127.400325,36.353372
"946",127.396622,36.350122
"947",127.376719,36.366253
"948",127.370141,36.334256
"949",127.377625,36.308083
"950",127.357731,36.354808
"951",127.355339,36.353772
"952",127.368364,36.356153
"953",127.366197,36.3025
"954",127.395978,36.34575
"955",127.390264,36.344989
"956",127.379131,36.329956
"957",127.378514,36.330331
"958",127.378572,36.33185
"959",127.374286,36.362153
"960",127.373,36.362167
"961",127.372983,36.361086
"962",127.374281,36.360978
"963",127.367383,36.302778
"964",127.365878,36.303794
"965",127.367042,36.303978
"966",127.353375,36.300856
"967",127.390131,36.330922
"968",127.370219,36.353081
"969",127.371647,36.356464
"970",127.371642,36.352794
"971",127.373986,36.346494
"972",127.370972,36.344864
"973",127.373644,36.349861
"974",127.384972,36.337067
"975",127.384744,36.335517
"976",127.376539,36.333308
"977",127.381411,36.314542
"978",127.372208,36.321814
"979",127.377697,36.316544
"980",127.375392,36.312739
"981",127.400511,36.350689
"982",127.401297,36.349411
"983",127.368994,36.329803
"984",127.377967,36.31095
"985",127.375769,36.310458
"986",127.399756,36.34165
"987",127.396542,36.339094
"988",127.360553,36.353275
"989",127.359931,36.356653
"990",127.397217,36.346561
"991",127.399625,36.344578
"992",127.379358,36.342575
"993",127.354161,36.302689
"994",127.354286,36.297006
"995",127.389117,36.330069
"996",127.387639,36.330539
"997",127.383717,36.329636
"998",127.366278,36.352267
"999",127.368458,36.348419
"1000",127.365717,36.346131
"1001",127.368397,36.343936
"1002",127.370997,36.356247
"1003",127.369336,36.355389
"1004",127.375356,36.341597
"1005",127.371658,36.344731
"1006",127.336619,36.299936
"1007",127.333464,36.297792
"1008",127.337153,36.30065
"1009",127.339136,36.298058
"1010",127.34065,36.295525
"1011",127.343586,36.2976
"1012",127.342111,36.299936
"1013",127.376822,36.339892
"1014",127.376294,36.336211
"1015",127.315694,36.241239
"1016",127.338086,36.249661
"1017",127.371514,36.335208
"1018",127.377756,36.33435
"1019",127.380817,36.315828
"1020",127.382122,36.310417
"1021",127.371803,36.324986
"1022",127.372286,36.323714
"1023",127.374617,36.324922
"1024",127.374442,36.321764
"1025",127.375156,36.314372
"1026",127.374017,36.312964
"1027",127.377878,36.313431
"1028",127.395061,36.354636
"1029",127.393856,36.353567
"1030",127.379106,36.350714
"1031",127.381964,36.349558
"1032",127.380864,36.349061
"1033",127.381283,36.346361
"1034",127.395414,36.350647
"1035",127.396567,36.351164
"1036",127.399272,36.350047
"1037",127.374331,36.366514
"1038",127.374189,36.367378
"1039",127.374936,36.367689
"1040",127.368864,36.332708
"1041",127.368114,36.330372
"1042",127.386544,36.325017
"1043",127.385019,36.324242
"1044",127.376939,36.310525
"1045",127.374003,36.309378
"1046",127.377594,36.298858
"1047",127.379444,36.29855
"1048",127.360717,36.354872
"1049",127.366044,36.356822
"1050",127.367044,36.357589
"1051",127.368233,36.304878
"1052",127.364911,36.298903
"1053",127.363344,36.30005
"1054",127.364389,36.306328
"1055",127.393253,36.343003
"1056",127.390397,36.344158
"1057",127.39025,36.34485
"1058",127.354097,36.299056
"1059",127.371711,36.351811
"1060",127.367247,36.351044
"1061",127.370344,36.357319
"1062",127.378675,36.344339
"1063",127.372472,36.349194
"1064",127.369994,36.346194
"1065",127.337258,36.304442
"1066",127.339192,36.301525
"1067",127.380594,36.335392
"1068",127.340519,36.254397
"1069",127.371444,36.335972
"1070",127.371667,36.323206
"1071",127.378339,36.315467
"1072",127.37715,36.352475
"1073",127.397433,36.350742
"1074",127.372303,36.365364
"1075",127.382511,36.326061
"1076",127.373269,36.329142
"1077",127.375367,36.306581
"1078",127.392592,36.333839
"1079",127.356194,36.353472
"1080",127.362042,36.356111
"1081",127.365936,36.307389
"1082",127.398111,36.342639
"1083",127.389382,36.345894
"1084",127.352,36.303819
"1085",127.351542,36.301197
"1086",127.352322,36.298547
"1087",127.366743,36.353299
"1088",127.365431,36.351066
"1089",127.365831,36.344856
"1090",127.374924,36.343484
"1091",127.374569,36.342344
"1092",127.371192,36.350578
"1093",127.336925,36.310519
"1094",127.330922,36.301492
"1095",127.332328,36.299575
"1096",127.328739,36.299483
"1097",127.325278,36.299197
"1098",127.334492,36.298167
"1099",127.331014,36.294778
"1100",127.343331,36.298872
"1101",127.378103,36.339383
"1102",127.378103,36.339383
"1103",127.38569,36.340362
"1104",127.386613,36.338022
"1105",127.341883,36.254503
"1106",127.340062,36.255059
"1107",127.378375,36.331351
"1108",127.375322,36.333065
"1109",127.382062,36.330545
"1110",127.374975,36.312829
"1111",127.371519,36.321367
"1112",127.372386,36.312267
"1113",127.395175,36.359664
"1114",127.400267,36.355681
"1115",127.370911,36.365486
"1116",127.376769,36.367233
"1117",127.373269,36.368147
"1118",127.368764,36.331816
"1119",127.385322,36.325575
"1120",127.382514,36.323494
"1121",127.376544,36.308382
"1122",127.374878,36.299283
"1123",127.380714,36.298161
"1124",127.376692,36.297753
"1125",127.376861,36.296064
"1126",127.379578,36.296889
"1127",127.358972,36.355442
"1128",127.360122,36.356969
"1129",127.365897,36.355367
"1130",127.374219,36.363369
"1131",127.3671,36.361072
"1132",127.366997,36.359875
"1133",127.367014,36.361081
"1134",127.363617,36.359672
"1135",127.367892,36.306314
"1136",127.369533,36.303003
"1137",127.366278,36.304131
"1138",127.364592,36.302208
"1139",127.366606,36.301861
"1140",127.395778,36.346608
"1141",127.396553,36.345342
"1142",127.394928,36.343014
"1143",127.38735,36.343397
"1144",127.349144,36.3021
"1145",127.364183,36.348517
"1146",127.369628,36.350908
"1147",127.372914,36.343322
"1148",127.380858,36.340089
"1149",127.379489,36.337842
"1150",127.309489,36.226164
"1151",127.362794,36.337453
"1152",127.373561,36.330922
"1153",127.382097,36.320453
"1154",127.369308,36.317425
"1155",127.393728,36.350172
"1156",127.375394,36.355939
"1157",127.400736,36.351253
"1158",127.3794,36.327442
"1159",127.39195,36.338378
"1160",127.360358,36.352339
"1161",127.364531,36.354697
"1162",127.378156,36.362258
"1163",127.371356,36.357814
"1164",127.358439,36.308836
"1165",127.361703,36.305297
"1166",127.364131,36.303619
"1167",127.396144,36.344403
"1168",127.400566,36.348467
"1169",127.400014,36.345545
"1170",127.351175,36.298492
"1171",127.352003,36.297797
"1172",127.388685,36.329701
"1173",127.387219,36.332497
"1174",127.365628,36.3474
"1175",127.370778,36.341953
"1176",127.372056,36.357286
"1177",127.370681,36.346256
"1178",127.340736,36.307108
"1179",127.336383,36.29968
"1180",127.329958,36.296322
"1181",127.329419,36.298856
"1182",127.330344,36.298753
"1183",127.338319,36.299375
"1184",127.368822,36.335281
"1185",127.374322,36.32735
"1186",127.375797,36.3217
"1187",127.382031,36.319169
"1188",127.394758,36.355122
"1189",127.381606,36.346728
"1190",127.384628,36.356119
"1191",127.393558,36.358847
"1192",127.401767,36.353328
"1193",127.37365,36.366239
"1194",127.376719,36.365381
"1195",127.376786,36.307375
"1196",127.37815,36.300872
"1197",127.380822,36.297353
"1198",127.3758,36.297203
"1199",127.379083,36.295853
"1200",127.378361,36.293925
"1201",127.398372,36.339783
"1202",127.392853,36.334997
"1203",127.360267,36.357464
"1204",127.365278,36.354686
"1205",127.371483,36.362183
"1206",127.368569,36.302378
"1207",127.367689,36.306939
"1208",127.365492,36.300128
"1209",127.394303,36.343872
"1210",127.391203,36.3448
"1211",127.383754,36.329525
"1212",127.374143,36.347682
"1213",127.339033,36.303581
"1214",127.335547,36.309547
"1215",127.338661,36.309297
"1216",127.338886,36.306314
"1217",127.328633,36.297231
"1218",127.331097,36.297547
"1219",127.343245,36.301854
"1220",127.322228,36.284675
"1221",127.373922,36.32625
"1222",127.377358,36.309328
"1223",127.370394,36.30365
"1224",127.365722,36.303883
"1225",127.361883,36.289917
"1226",127.392522,36.344136
"1227",127.384967,36.346978
"1228",127.387589,36.343828
"1229",127.361497,36.357836
"1230",127.367589,36.311042
"1231",127.388442,36.328947
"1232",127.373164,36.351622
"1233",127.371706,36.343111
"1234",127.329586,36.300953
"1235",127.388617,36.337692
"1236",127.376422,36.335342
"1237",127.372303,36.322467
"1238",127.376498,36.323571
"1239",127.353281,36.352886
"1240",127.392242,36.340956
"1241",127.372319,36.366242
"1242",127.378414,36.307236
"1243",127.372448,36.326316
"1244",127.367567,36.304761
"1245",127.383956,36.325378
"1246",127.389736,36.357436
"1247",127.392653,36.363683
"1248",127.376903,36.357386
"1249",127.396264,36.349436
"1250",127.387556,36.334894
"1251",127.368236,36.340108
"1252",127.378319,36.332675
"1253",127.371597,36.354022
"1254",127.375919,36.342047
"1255",127.370878,36.3438
"1256",127.358069,36.356603
"1257",127.371533,36.363372
"1258",127.382183,36.369736
"1259",127.344828,36.304753
"1260",127.338322,36.311094
"1261",127.333129,36.306379
"1262",127.345084,36.252244
"1263",127.371077,36.346913
"1264",127.36221,36.35476
"1265",127.365836,36.278628
"1266",127.338307,36.220798
"1267",127.350737,36.29976
"1268",127.386005,36.328934
"1269",127.381877,36.325224
"1270",127.344801,36.331865
"1271",127.3389266,36.33159976
"1272",127.3477494,36.33058678
"1273",127.3412215,36.33038797
"1274",127.3459766,36.32852765
"1275",127.3416589,36.32825506
"1276",127.3452724,36.32722002
"1277",127.3456668,36.32616698
"1278",127.3475766,36.32593338
"1279",127.3454812,36.32502657
"1280",127.3441853,36.32201282
"1281",127.342322,36.32116287
"1282",127.3476219,36.32087466
"1283",127.345221,36.320925
"1284",127.3432022,36.32017735
"1285",127.347655,36.31902319
"1286",127.3421365,36.31920745
"1287",127.34412,36.318864
"1288",127.34491,36.318137
"1289",127.346624,36.317207
"1290",127.3452548,36.31587824
"1291",127.350475,36.31483882
"1292",127.350335,36.31289248
"1293",127.346923,36.31141237
"1294",127.344827,36.311117
"1295",127.3521251,36.31093002
"1296",127.3528204,36.31042781
"1297",127.3470991,36.31014812
"1298",127.3528561,36.30929481
"1299",127.354695,36.30906
"1300",127.347601,36.308923
"1301",127.342818,36.308497
"1302",127.351275,36.308513
"1303",127.349327,36.308005
"1304",127.3538723,36.30787296
"1305",127.3328772,36.30745591
"1306",127.3366866,36.30749388
"1307",127.3530345,36.30677515
"1308",127.3489225,36.30655622
"1309",127.33523,36.306335
"1310",127.3555606,36.30636127
"1311",127.3510752,36.30525593
"1312",127.3475284,36.30461824
"1313",127.336534,36.30414213
"1314",127.334061,36.304086
"1315",127.345097,36.303655
"1316",127.3365246,36.30216685
"1317",127.33331,36.30210466
"1318",127.37148,36.359738
"1319",127.399153,36.34521
"1320",127.392865,36.345772
"1321",127.385535,36.339472
"1322",127.36731,36.352262
"1323",127.363967,36.350989
"1324",127.373818,36.356134
"1325",127.394777,36.334142
"1326",127.399236,36.336794
"1327",127.366371,36.331914
"1328",127.377873,36.328212
"1329",127.381125,36.329649
"1330",127.38246,36.318504
"1331",127.375664,36.320513
"1332",127.372928,36.320672
"1333",127.370704,36.315858
"1334",127.378783,36.29746
"1335",127.324816,36.29815
"1336",127.352057,36.295761
"1337",127.362721,36.306712
"1338",127.36327,36.302131
"1339",127.355937,36.299109
"1340",127.389161,36.331763
"1341",127.384656,36.328945
"1342",127.370039,36.354971
"1343",127.363158,36.353153
"1344",127.367312,36.349804
"1345",127.376906,36.341178
"1346",127.371623,36.345675
"1347",127.372939,36.349741
"1348",127.329701,36.28756
"1349",127.334148,36.300978
"1350",127.380736,36.336759
"1351",127.378991,36.338659
"1352",127.384178,36.337534
"1353",127.293885,36.263695
"1354",127.320348,36.275373
"1355",127.342307,36.235367
"1356",127.346239,36.260766
"1357",127.374597,36.334712
"1358",127.375118,36.330266
"1359",127.38381,36.317607
"1360",127.374408,36.320613
"1361",127.374543,36.323592
"1362",127.377355,36.314923
"1363",127.374519,36.314047
"1364",127.371756,36.311846
"1365",127.377345,36.350678
"1366",127.399706,36.350692
"1367",127.379825,36.324505
"1368",127.386736,36.327675
"1369",127.381359,36.323999
"1370",127.377753,36.296763
"1371",127.392767,36.336762
"1372",127.394255,36.335621
"1373",127.394959,36.338793
"1374",127.397012,36.33627
"1375",127.365727,36.357888
"1376",127.363337,36.355672
"1377",127.362437,36.305814
"1378",127.399274,36.34841
"1379",127.394038,36.346101
"1380",127.394405,36.340995
"1381",127.399708,36.358352
"1382",127.3820726,36.3454144
"1383",127.3898179,36.3366441
"1384",127.3793749,36.3325029
"1385",127.3840961,36.3386099
"1386",127.3820904,36.3368981
"1387",127.374525,36.348811
"1388",127.3465497,36.299371
"1389",127.3438855,36.2957316
"1390",127.3412032,36.2938386
"1391",127.376214,36.298908
"1392",127.374116,36.29977
"1393",127.37151,36.320691
"1394",127.383621,36.320699
"1395",127.382619,36.311234
"1396",127.381845,36.312911
"1397",127.377794,36.314242
"1398",127.378987,36.31182
"1399",127.368371,36.317142
"1400",127.368668,36.318176
"1401",127.36747,36.275936
"1402",127.368568,36.308046
"1403",127.361046,36.289878
"1404",127.383018,36.321402
"1405",127.386831,36.326679
"1406",127.383089,36.326899
"1407",127.384231,36.322461
"1408",127.400294,36.34279
"1409",127.397115,36.340416
"1410",127.400289,36.340299
"1411",127.390326,36.334859
"1412",127.378621,36.342049
"1413",127.39602,36.342171
"1414",127.392183,36.34291
"1415",127.394928,36.34514
"1416",127.396581,36.348569
"1417",127.382248,36.343821
"1418",127.401331,36.356585
"1419",127.398857,36.351128
"1420",127.374653,36.340986
"1421",127.384141,36.34237
"1422",127.382813,36.335395
"1423",127.390296,36.332651
"1424",127.386215,36.331692
"1425",127.378044,36.335674
"1426",127.37261,36.332517
"1427",127.372085,36.33161
"1428",127.366406,36.349765
"1429",127.366544,36.348648
"1430",127.371562,36.354991
"1431",127.365958,36.342823
"1432",127.365919,36.341135
"1433",127.373626,36.352738
"1434",127.371905,36.346622
"1435",127.374369,36.341444
"1436",127.366846,36.35449
"1437",127.354431,36.35365
"1438",127.371336,36.366053
"1439",127.357432,36.298274
"1440",127.34476,36.306338
"1441",127.354476,36.296472
"1442",127.353263,36.303706
"1443",127.336716,36.305096
"1444",127.335811,36.300927
"1445",127.341504,36.290825
"1446",127.285671,36.237481
"1447",127.309812,36.227322
"1448",127.307286,36.236433
"1449",127.367002,36.3007425
"1450",127.3778379,36.2977305
"1451",127.3760167,36.2962086
"1452",127.3799837,36.3112515
"1453",127.3843611,36.3141366
"1454",127.3787914,36.3185555
"1455",127.3765518,36.3222718
"1456",127.3719712,36.315515
"1457",127.375963,36.3173198
"1458",127.3700079,36.3168171
"1459",127.3742062,36.3167757
"1460",127.3607013,36.3229473
"1461",127.3666008,36.3058396
"1462",127.3712216,36.3290113
"1463",127.3767141,36.3259409
"1464",127.3855606,36.3273603
"1465",127.3962908,36.3374656
"1466",127.4012657,36.3396087
"1467",127.3956223,36.3442873
"1468",127.3919349,36.3421147
"1469",127.3766685,36.3510546
"1470",127.3849377,36.3535097
"1471",127.3806328,36.3358411
"1472",127.3748051,36.3384348
"1473",127.3817533,36.3379114
"1474",127.3792474,36.3366544
"1475",127.3883321,36.3333685
"1476",127.3745817,36.3311273
"1477",127.3755855,36.3339238
"1478",127.3632313,36.3521351
"1479",127.3646917,36.3522421
"1480",127.3642404,36.3459541
"1481",127.3742598,36.3450003
"1482",127.3534459,36.3411108
"1483",127.3753535,36.3653674
"1484",127.3551303,36.2991932
"1485",127.3523194,36.2987598
"1486",127.3214793,36.2935928
"1487",127.3521128,36.2678589
"1488",127.3015425,36.2577883
"1489",127.3426285,36.2219841
"1490",127.3440038,36.2753656
"1491",127.36088,36.306249
"1492",127.355412,36.297455
"1493",127.373317,36.348958
"1494",127.38502,36.330092
"1495",127.368941,36.357606
"1496",127.376994,36.347204
"1497",127.340198,36.301175
"1498",127.377039,36.338978
"1499",127.379429,36.340785
"1500",127.349358,36.231794
"1501",127.318711,36.238606
"1502",127.370857,36.33464
"1503",127.371231,36.327872
"1504",127.381765,36.315262
"1505",127.379195,36.317395
"1506",127.369147,36.311951
"1507",127.376929,36.312766
"1508",127.389181,36.349059
"1509",127.378906,36.346557
"1510",127.382173,36.367359
"1511",127.381114,36.326772
"1512",127.378659,36.329336
"1513",127.399012,36.338716
"1514",127.359718,36.354313
"1515",127.366138,36.358265
"1516",127.361813,36.29706
"1517",127.389829,36.34293
"1518",127.357996,36.356501
"1519",127.358642,36.356849
"1520",127.360179,36.357774
"1521",127.364188,36.357899
"1522",127.365871,36.357641
"1523",127.36689,36.356515
"1524",127.36778,36.35434
"1525",127.366779,36.354656
"1526",127.364669,36.354845
"1527",127.363495,36.354682
"1528",127.362449,36.354521
"1529",127.362449,36.354521
"1530",127.360709,36.355475
"1531",127.360678,36.355054
"1532",127.360614,36.354745
"1533",127.360744,36.354238
"1534",127.359591,36.354039
"1535",127.359025,36.35394
"1536",127.356954,36.355159
"1537",127.356356,36.355303
"1538",127.355525,36.354746
"1539",127.356998,36.354493
"1540",127.356378,36.35415
"1541",127.35604,36.353109
"1542",127.355142,36.3545
"1543",127.354337,36.35394
"1544",127.354159,36.353816
"1545",127.352279,36.352412
"1546",127.360458,36.352124
"1547",127.353516,36.341483
"1548",127.377291,36.361006
"1549",127.362869,36.35967
"1550",127.366929,36.362017
"1551",127.375422,36.365274
"1552",127.372323,36.367098
"1553",127.373912,36.36639
"1554",127.371904,36.317008
"1555",127.393736,36.337061
"1556",127.398432,36.350031
"1557",127.380407,36.297839
"1558",127.37031,36.354643
"1559",127.383255,36.316421
"1560",127.372137,36.323621
"1561",127.372497,36.324949
"1562",127.367934,36.306514
"1563",127.379352,36.313916
"1564",127.377376,36.322504
"1565",127.393425,36.333211
"1566",127.378105,36.331099
"1567",127.353382,36.35328
"1568",127.361065,36.35799
"1569",127.365979,36.356397
"1570",127.367148,36.355768
"1571",127.367902,36.355542
"1572",127.391785,36.346031
"1573",127.379764,36.338496
"1574",127.372887,36.348895
"1575",127.375897,36.348181
"1576",127.374532,36.346248
"1577",127.373461,36.341429
"1578",127.377312,36.341742
"1579",127.373943,36.345914
"1580",127.355335,36.301019
"1581",127.378267,36.311315
"1582",127.37478,36.319429
"1583",127.371974,36.314266
"1584",127.367541,36.330043
"1585",127.389001,36.352552
"1586",127.387416,36.349671
"1587",127.379244,36.336828
"1588",127.355138,36.304923
"1589",127.373375,36.341986
"1590",127.372464,36.347525
"1591",127.374039,36.347918
"1592",127.370488,36.322423
"1593",127.398453,36.350931
"1594",127.376896,36.352114
"1595",127.389869,36.353261
"1596",127.363667,36.355935
"1597",127.376886,36.362436
"1598",127.389866,36.350946
"1599",127.378934,36.361891
"1600",127.375666,36.35393
"1601",127.381693,36.333279
"1602",127.379352,36.313916
"1603",127.388313,36.354462
"1604",127.352746,36.348394
"1605",127.365289,36.306405
"1606",127.388785,36.35156
"1607",127.389843,36.349637
"1608",127.363727,36.354727
"1609",127.38618,36.348192
"1610",127.377378,36.350358
"1611",127.361834,36.357222
"1612",127.382463,36.358255
"1613",127.384311,36.333681
"1614",127.387285,36.321634
"1615",127.378038,36.369671
"1616",127.387285,36.347295
"1617",127.392772,36.346464
"1618",127.378344,36.299768
"1619",127.364258,36.304875
"1620",127.389287,36.340842
"1621",127.378427,36.361664
"1622",127.354125,36.3460954
"1623",127.376019,36.350516
"1624",127.377813,36.355571
"1625",127.371124,36.347866
"1626",127.3951335,36.3514053
"1627",127.38919,36.346418
"1628",127.377837,36.359402
"1629",127.341155,36.328528
"1630",127.378769,36.330587
"1631",127.349413,36.303473
"1632",127.338673,36.299256
"1633",127.374617,36.347331
"1634",127.33286803,36.35377949
"1635",127.331511,36.3501803
"1636",127.3397414,36.3645908
"1637",127.352044,36.3639506
"1638",127.3479785,36.3614594
"1639",127.3511063,36.3606563
"1640",127.3354202,36.3517414
"1641",127.3293545,36.3501983
"1642",127.3166743,36.2999136
"1643",127.3419485,36.36211355
"1644",127.3377236,36.3585198
"1645",127.3370882,36.365523
"1646",127.3583562,36.3638173
"1647",127.4012094,36.3978759
"1648",127.3157782,36.2992809
"1649",127.3165884,36.3051948
"1650",127.3392035,36.3622164
"1651",127.3343158,36.3607973
"1652",127.3204087,36.3881718
"1653",127.3110084,36.3933648
"1654",127.3183814,36.3809485
"1655",127.3498265,36.3881533
"1656",127.3802871,36.385618
"1657",127.406464,36.397792
"1658",127.4002668,36.3963561
"1659",127.3889329,36.4358849
"1660",127.3827609,36.4295956
"1661",127.3853712,36.4222862
"1662",127.2902019,36.36013854
"1663",127.378304,36.4178169
"1664",127.3336181,36.3578475
"1665",127.33618,36.36226
"1666",127.3298246,36.3609066
"1667",127.3201977,36.3603648
"1668",127.3307163,36.3487658
"1669",127.3348351,36.3545338
"1670",127.3307061,36.3530301
"1671",127.3543464,36.3598676
"1672",127.3898274,36.4369766
"1673",127.3876923,36.437874
"1674",127.3475174,36.3886041
"1675",127.3126016,36.389351
"1676",127.3311107,36.3889275
"1677",127.3321488,36.3878296
"1678",127.3168818,36.3813927
"1679",127.3162877,36.3801138
"1680",127.3211601,36.3891977
"1681",127.3361421,36.349517
"1682",127.3315234,36.3586749
"1683",127.3326572,36.3604033
"1684",127.3488998,36.3895721
"1685",127.349617,36.3899429
"1686",127.3512225,36.3887484
"1687",127.4002904,36.3988922
"1688",127.3485199,36.3634558
"1689",127.3473423,36.3628186
"1690",127.3520336,36.3658009
"1691",127.3531459,36.3627582
"1692",127.3823792,36.4400106
"1693",127.3834319,36.4406422
"1694",127.3864926,36.436237
"1695",127.3843907,36.4330962
"1696",127.3838086,36.4348341
"1697",127.3832137,36.4335081
"1698",127.3852277,36.434392
"1699",127.3811948,36.4295761
"1700",127.2665202,36.2868244
"1701",127.2649906,36.2879363
"1702",127.3165763,36.3052202
"1703",127.3147302,36.3021031
"1704",127.3164322,36.3043123
"1705",127.3155872,36.2987627
"1706",127.3164932,36.2986207
"1707",127.3141791,36.2998852
"1708",127.312595,36.3341118
"1709",127.3127487,36.3349948
"1710",127.3181528,36.300352
"1711",127.3207001,36.2952601
"1712",127.3202656,36.2944278
"1713",127.3194691,36.302907
"1714",127.3205218,36.3031099
"1715",127.383869,36.4360943
"1716",127.383852,36.4312048
"1717",127.3869971,36.4364157
"1718",127.3877744,36.4356145
"1719",127.3283638,36.34957
"1720",127.3319198,36.359585
"1721",127.3335243,36.3552445
"1722",127.3331008,36.3504638
"1723",127.3392236,36.3510626
"1724",127.3393218,36.3527065
"1725",127.3398466,36.357508
"1726",127.3332115,36.3595931
"1727",127.3337803,36.364904
"1728",127.3524489,36.3887614
"1729",127.3958302,36.4001434
"1730",127.3556103,36.3626939
"1731",127.3487853,36.3624522
"1732",127.3519565,36.3613572
"1733",127.3506964,36.3639287
"1734",127.3491892,36.3865061
"1735",127.3479616,36.389844
"1736",127.3506701,36.3910998
"1737",127.3852624,36.4333807
"1738",127.3856517,36.4355753
"1739",127.3223032,36.3683766
"1740",127.3204154,36.3695546
"1741",127.3203586,36.3684928
"1742",127.321951,36.3876298
"1743",127.3199152,36.3860665
"1744",127.3206179,36.3886145
"1745",127.3085743,36.3928607
"1746",127.3161888,36.3683404
"1747",127.3157272,36.3647004
"1748",127.3127642,36.3661257
"1749",127.328223,36.3497132
"1750",127.3400531,36.36313
"1751",127.4031899,36.3972612
"1752",127.3776531,36.3845022
"1753",127.3484569,36.3873419
"1754",127.3477674,36.3872397
"1755",127.3840433,36.4359287
"1756",127.3917312,36.4227749
"1757",127.3905108,36.4228721
"1758",127.3892508,36.4233124
"1759",127.3874779,36.4254111
"1760",127.3865354,36.4238121
"1761",127.3879315,36.4232127
"1762",127.3938444,36.4251717
"1763",127.3943453,36.4246095
"1764",127.3203393,36.304084
"1765",127.3218012,36.3758661
"1766",127.3012448,36.3607111
"1767",127.3335239,36.3609382
"1768",127.3906216,36.3790832
"1769",127.3802949,36.3867817
"1770",127.4079151,36.3990588
"1771",127.381365,36.4380499
"1772",127.3881912,36.4215937
"1773",127.319788,36.3222359
"1774",127.3126231,36.3240241
"1775",127.3106884,36.2851182
"1776",127.3348343,36.3564441
"1777",127.3379116,36.3522998
"1778",127.3327613,36.3550166
"1779",127.3351707,36.35859
"1780",127.3349796,36.3631023
"1781",127.289024,36.3616194
"1782",127.3205585,36.3742468
"1783",127.3216469,36.3807608
"1784",127.3512061,36.3922069
"1785",127.3504095,36.3863834
"1786",127.3531522,36.38587
"1787",127.4040425,36.3967998
"1788",127.4025518,36.3977906
"1789",127.4061172,36.3802377
"1790",127.3869859,36.4344472
"1791",127.3866845,36.4335369
"1792",127.3912025,36.4239243
"1793",127.3878658,36.4256199
"1794",127.3488478,36.3348436
"1795",127.3298013,36.36419889
"1796",127.2999501,36.4148062
"1797",127.3781559,36.4147844
"1798",127.3459817,36.4003608
"1799",127.3853734,36.4573189
"1800",127.3792022,36.4393007
"1801",127.32464,36.37995
"1802",127.3244655,36.3805923
"1803",127.3217945,36.3758678
"1804",127.312521,36.357808
"1805",127.3202593,36.353458
"1806",127.3242228,36.3589443
"1807",127.3335259,36.3609377
"1808",127.3838191,36.4317848
"1809",127.3894907,36.4211696
"1810",127.3842933,36.4476846
"1811",127.3169775,36.371554
"1812",127.3203409,36.3719159
"1813",127.315946,36.3739808
"1814",127.3174172,36.3779134
"1815",127.3174165,36.3820768
"1816",127.3314272,36.3872477
"1817",127.312957,36.3934091
"1818",127.3353236,36.3534454
"1819",127.3480517,36.3531045
"1820",127.3336112,36.3489571
"1821",127.3299564,36.3516019
"1822",127.3395421,36.3591125
"1823",127.3515354,36.3638702
"1824",127.3157126,36.3041464
"1825",127.3201495,36.3152347
"1826",127.3179909,36.298142
"1827",127.3400683,36.3491982
"1828",127.3243797,36.3873324
"1829",127.3139708,36.3018916
"1830",127.3196827,36.2984458
"1831",127.3203333,36.2961772
"1832",127.3356508,36.3542207
"1833",127.3158797,36.3576183
"1834",127.3338798,36.3522883
"1835",127.3500816,36.3617501
"1836",127.3500911,36.3627262
"1837",127.3230082,36.3694601
"1838",127.3225567,36.3871893
"1839",127.3274243,36.380755
"1840",127.3495855,36.391766
"1841",127.34842,36.3915031
"1842",127.3979543,36.4012395
"1843",127.39451,36.4001871
"1844",127.3861843,36.4354333
"1845",127.3856147,36.437819
"1846",127.3971456,36.4209272
"1847",127.3928076,36.4243876
"1848",127.3838416,36.4454765
"1849",127.4039366,36.37696124
"1850",127.3513401,36.3598727
"1851",127.3372998,36.4112328
"1852",127.3392444,36.412849
"1853",127.3373112,36.4126941
"1854",127.3371303,36.4144994
"1855",127.355676,36.3813326
"1856",127.3174056,36.30225
"1857",127.3151573,36.3009461
"1858",127.316721,36.2971718
"1859",127.3240366,36.3145689
"1860",127.3225975,36.3156377
"1861",127.322741,36.3145624
"1862",127.2986634,36.3443322
"1863",127.2987425,36.3433579
"1864",127.3202825,36.3013368
"1865",127.3403206,36.3622034
"1866",127.3150247,36.3680213
"1867",127.4031653,36.3977789
"1868",127.405585,36.4002404
"1869",127.4054995,36.3985884
"1870",127.39914942,36.40049123
"1871",127.3496335,36.357678
"1872",127.3448511,36.3536693
"1873",127.3845727,36.4203819
"1874",127.3884929,36.4195821
"1875",127.3876422,36.437275
"1876",127.320542,36.3707368
"1877",127.3143216,36.389656
"1878",127.3126589,36.3864689
"1879",127.3077006,36.3949328
"1880",127.308924,36.3914689
"1881",127.3342742,36.3505571
"1882",127.3409344,36.3595871
"1883",127.3530315,36.3609347
"1884",127.3479568,36.3620965
"1885",127.394854,36.4757024
"1886",127.3379773,36.3593002
"1887",127.3355632,36.3578831
"1888",127.3460874,36.3858331
"1889",127.3348325,36.3274387
"1890",127.3293534,36.3253787
"1891",127.3221917,36.3504514
"1892",127.3249269,36.3606899
"1893",127.2952189,36.3608999
"1894",127.316406,36.3880502
"1895",127.351354,36.3907817
"1896",127.4059364,36.4045749
"1897",127.364569,36.446921
"1898",127.3981698,36.4097925
"1899",127.319768,36.3610887
"1900",127.301033,36.3615335
"1901",127.3026926,36.3615534
"1902",127.3030739,36.3606247
"1903",127.3011872,36.3598709
"1904",127.3022701,36.3593266
"1905",127.3040297,36.3590403
"1906",127.3008191,36.3588708
"1907",127.3026793,36.3581097
"1908",127.3061462,36.3612439
"1909",127.3073758,36.3602478
"1910",127.3084065,36.360554
"1911",127.3094318,36.3594054
"1912",127.3054975,36.3596295
"1913",127.3065892,36.3589075
"1914",127.3081341,36.358449
"1915",127.3096301,36.3586515
"1916",127.3068557,36.3584609
"1917",127.3071856,36.3574333
"1918",127.3088553,36.3578496
"1919",127.3090729,36.3569953
"1920",127.3102638,36.356398
"1921",127.3029897,36.3597505
"1922",127.3044971,36.3603504
"1923",127.3040773,36.3577702
"1924",127.3047559,36.3573728
"1925",127.308061,36.3565665
"1926",127.3088288,36.3561005
"1927",127.3071223,36.3596776
"1928",127.3217872,36.3799228
"1929",127.3325866,36.3893858
"1930",127.3482364,36.3866082
"1931",127.404237,36.3827356
"1932",127.3390982,36.415219
"1933",127.3806249,36.3832197
"1934",127.3767234,36.412114
"1935",127.3000561,36.344423
"1936",127.317627,36.3006656
"1937",127.3307356,36.3527762
"1938",127.301717,36.3423874
"1939",127.3317544,36.3507507
"1940",127.3346774,36.3648131
"1941",127.3333053,36.3471328
"1942",127.3182249,36.298236
"1943",127.4110651,36.405571
"1944",127.3316858,36.3528502
"1945",127.3075691,36.3215551
"1946",127.2993073,36.3892997
"1947",127.3433123,36.3621825
"1948",127.358474,36.3644626
"1949",127.3781194,36.494204
"1950",127.3150246,36.3696564
"1951",127.3479782,36.38613
"1952",127.2948385,36.3456593
"1953",127.2992864,36.4107543
"1954",127.2550649,36.281091
"1955",127.3277631,36.311968
"1956",127.3934356,36.4230155
"1957",127.3807401,36.4157524
"1958",127.3434789,36.3525641
"1959",127.3475892,36.3513269
"1960",127.3441598,36.349984
"1961",127.3453248,36.3488224
"1962",127.342419,36.348838
"1963",127.3359619,36.3482752
"1964",127.3416255,36.3470477
"1965",127.3399559,36.3470053
"1966",127.3355557,36.3462686
"1967",127.3440564,36.3457717
"1968",127.3465917,36.34444238
"1969",127.3417695,36.3448416
"1970",127.3397404,36.344201
"1971",127.3417264,36.3438632
"1972",127.3393151,36.3432766
"1973",127.3357719,36.3428823
"1974",127.3326444,36.3424502
"1975",127.342582,36.3419619
"1976",127.3440733,36.3416508
"1977",127.3430299,36.3401963
"1978",127.3483058,36.3392132
"1979",127.3449787,36.3385199
"1980",127.3421785,36.3385917
"1981",127.3327026,36.3382986
"1982",127.3360782,36.3380156
"1983",127.3385576,36.337971
"1984",127.3475779,36.3376832
"1985",127.3481786,36.3371469
"1986",127.3492153,36.3369935
"1987",127.3381525,36.336396
"1988",127.338868,36.3347701
"1989",127.336232,36.334614
"1990",127.3335418,36.3344228
"1991",127.3447501,36.3335639
"1992",127.3461428,36.333552
"1993",127.3382846,36.3334375
"1994",127.3461609,36.3324641
"1995",127.3372154,36.3313247
"1996",127.3339424,36.3312469
"1997",127.3318879,36.3308796
"1998",127.3359823,36.3300498
"1999",127.3317665,36.3275
"2000",127.3135746,36.3905153
"2001",127.3139334,36.3893763
"2002",127.3023029,36.379614
"2003",127.3222731,36.3746817
"2004",127.3335013,36.3881686
"2005",127.3161519,36.3060189
"2006",127.3987579,36.3964131
"2007",127.3152228,36.3751962
"2008",127.3078005,36.3939326
"2009",127.3151819,36.3109666
"2010",127.3136136,36.3015673
"2011",127.3140742,36.3943525
"2012",127.3142811,36.4034177
"2013",127.3212217,36.3004093
"2014",127.3918665,36.4223101
"2015",127.3456683,36.3897343
"2016",127.3234283,36.359463
"2017",127.3521735,36.3885703
"2018",127.3040742,36.3252424
"2019",127.3010175,36.3333915
"2020",127.3396439,36.3557008
"2021",127.3408018,36.3614614
"2022",127.2953725,36.4143186
"2023",127.3179559,36.3738645
"2024",127.3739372,36.4016651
"2025",127.3766857,36.3868664
"2026",127.3223476,36.3438106
"2027",127.3039304,36.3452084
"2028",127.3326437,36.3490257
"2029",127.3240552,36.3365529
"2030",127.3433495,36.3553825
"2031",127.3310519,36.3541219
"2032",127.3541056,36.3623531
"2033",127.337793,36.3665228
"2034",127.3406167,36.364513
"2035",127.3362366,36.3596239
"2036",127.3154801,36.390265
"2037",127.3114799,36.4034255
"2038",127.323159,36.3859511
"2039",127.3206645,36.3821275
"2040",127.3481411,36.3880916
"2041",127.3512078,36.3874004
"2042",127.35158835,36.3903043
"2043",127.3959234,36.4219743
"2044",127.3908088,36.4252994
"2045",127.3984111,36.4179378
"2046",127.4013182,36.3994699
"2047",127.385276,36.4334918
"2048",127.3886815,36.437617
"2049",127.2655184,36.2797594
"2050",127.3329277,36.3153196
"2051",127.3242581,36.323527
"2052",127.3278975,36.3534078
"2053",127.3264233,36.29003333
"2054",127.3133059,36.3973069
"2055",127.3156612,36.3982422
"2056",127.3130216,36.400562
"2057",127.3368982,36.3513305
"2058",127.3848535,36.4215286
"2059",127.3227124,36.383627
"2060",127.3348578,36.3643762
"2061",127.2991417,36.3494437
"2062",127.3165946,36.3426627
"2063",127.3139078,36.3414187
"2064",127.3120717,36.343809
"2065",127.4035523,36.4143892
"2066",127.386516,36.4134133
"2067",127.3889614,36.424677
"2068",127.3871518,36.4256048
"2069",127.4022266,36.4084757
"2070",127.3863802,36.4377562
"2071",127.3965171,36.485549
"2072",127.3812039,36.434112
"2073",127.3856307,36.4331182
"2074",127.3205068,36.3802667
"2075",127.3170156,36.3661585
"2076",127.3382113,36.3598266
"2077",127.3395443,36.358801
"2078",127.341521,36.359164
"2079",127.3418837,36.3606404
"2080",127.3516127,36.3616523
"2081",127.3241155,36.3874226
"2082",127.3256826,36.3871505
"2083",127.4026479,36.396346
"2084",127.4039462,36.398274
"2085",127.3198586,36.3131209
"2086",127.2797873,36.2702747
"2087",127.2644945,36.3132325
"2088",127.3188459,36.2997699
"2089",127.2593429,36.2831265
"2090",127.3320354,36.3396715
"2091",127.3426529,36.3573746
"2092",127.3778544,36.4444901
"2093",127.3845699,36.4224928
"2094",127.3883424,36.4299234
"2095",127.3922186,36.425563
"2096",127.3756985,36.3880486
"2097",127.3414291,36.4150863
"2098",127.3485135,36.390172
"2099",127.3234206,36.3749391
"2100",127.3173253,36.3829357
"2101",127.3011877,36.4138579
"2102",127.317379,36.3695598
"2103",127.323906,36.3826543
"2104",127.3238297,36.3811717
"2105",127.2896144,36.3456579
"2106",127.295634,36.3500462
"2107",127.3355956,36.3656126
"2108",127.3184354,36.2991485
"2109",127.31854,36.2975002
"2110",127.3252222,36.3114014
"2111",127.2742582,36.2928232
"2112",127.3367652,36.3524617
"2113",127.3469216,36.3578364
"2114",127.345562,36.3578886
"2115",127.3498216,36.3584632
"2116",127.3454192,36.3590179
"2117",127.3398283,36.3525602
"2118",127.3322072,36.3518868
"2119",127.3024538,36.3778022
"2120",127.2968173,36.3902944
"2121",127.3369971,36.3607107
"2122",127.3456453,36.3610191
"2123",127.3468443,36.3599877
"2124",127.3169338,36.3635697
"2125",127.2984285,36.4041682
"2126",127.3374125,36.369647
"2127",127.3396797,36.3704488
"2128",127.4044829,36.3991955
"2129",127.4077082,36.4053778
"2130",127.3997299,36.4102088
"2131",127.3742137,36.4028666
"2132",127.3378408,36.357784
"2133",127.3101883,36.3267907
"2134",127.358014,36.360548
"2135",127.36,36.361414
"2136",127.32745,36.381623
"2137",127.344195,36.358562
"2138",127.3412713,36.3520953
"2139",127.4027103,36.3987996
"2140",127.3152512,36.3554395
"2141",127.3160532,36.3740403
"2142",127.333403,36.356968
"2143",127.341095,36.358084
"2144",127.35718,36.361592
"2145",127.338036,36.356896
"2146",127.360342,36.361612
"2147",127.304536,36.288855
"2148",127.318503,36.367302
"2149",127.331833,36.366807
"2150",127.393341,36.424965
"2151",127.393928,36.425805
"2152",127.343821,36.348498
"2153",127.335148,36.343278
"2154",127.346981,36.337754
"2155",127.319249,36.296769
"2156",127.329686,36.324194
"2157",127.346981,36.337754
"2158",127.344502,36.368084
"2159",127.327915,36.366707
"2160",127.321047,36.384121
"2161",127.335148,36.343278
"2162",127.345401,36.353172
"2163",127.3193476,36.37405794
"2164",127.4062266,36.39935903
"2165",127.3202173,36.29998291
"2166",127.3374476,36.35028895
"2167",127.3366139,36.35743026
"2168",127.3570311,36.36298062
"2169",127.387133,36.43582183
"2170",127.3129638,36.39190076
"2171",127.3120323,36.39171111
"2172",127.3877801,36.42224541
"2173",127.3942296,36.41870941
"2174",127.3942296,36.41870941
"2175",127.3387042,36.36046791
"2176",127.3173669,36.38646569
"2177",127.3195113,36.37326596
"2178",127.3195165,36.37444135
"2179",127.3184971,36.37252742
"2180",127.3894582,36.42338628
"2181",127.3373,36.34583
"2182",127.34171,36.34529
"2183",127.3173083,36.37595821
"2184",127.31817,36.37504
"2185",127.3400285,36.35297902
"2186",127.3497361,36.3904167
"2187",127.3355824,36.34570883
"2188",127.3945713,36.37746679
"2189",127.4057612,36.40106481
"2190",127.3334981,36.3621489
"2191",127.3475183,36.36267248
"2192",127.3485332,36.36259826
"2193",127.3505049,36.36237311
"2194",127.3528317,36.36288086
"2195",127.3527575,36.36384316
"2196",127.3502967,36.36439117
"2197",127.3440018,36.35170184
"2198",127.3217518,36.37204774
"2199",127.3209202,36.37572026
"2200",127.4057559,36.39997846
"2201",127.3038402,36.34246272
"2202",127.3389941,36.35414062
"2203",127.3022838,36.38082737
"2204",127.350702,36.36045646
"2205",127.3486774,36.36115824
"2206",127.349912,36.36182919
"2207",127.3517719,36.36147315
"2208",127.3331259,36.35895693
"2209",127.3347246,36.35974237
"2210",127.3189762,36.31264326
"2211",127.338342,36.37341013
"2212",127.3808165,36.38336681
"2213",127.3409086,36.33371651
"2214",127.4522526,36.3559908
"2215",127.4174395,36.3526777
"2216",127.4174184,36.3502814
"2217",127.428727,36.3605387
"2218",127.4267614,36.3607953
"2219",127.4257257,36.3576476
"2220",127.433869,36.363278
"2221",127.4339941,36.4506014
"2222",127.4209842,36.4345494
"2223",127.4524352,36.3600055
"2224",127.4404499,36.3603074
"2225",127.4329699,36.3663621
"2226",127.4223067,36.3747893
"2227",127.4217277,36.3983976
"2228",127.4378002,36.4134363
"2229",127.4372089,36.3700699
"2230",127.4378117,36.3688523
"2231",127.4276979,36.3681863
"2232",127.4332648,36.3699882
"2233",127.4451405,36.3647913
"2234",127.4267598,36.3648907
"2235",127.4127991,36.3636996
"2236",127.4092367,36.363157
"2237",127.4227881,36.3772996
"2238",127.4137062,36.3564862
"2239",127.4110685,36.3572433
"2240",127.4113325,36.3492143
"2241",127.4205511,36.3501054
"2242",127.4353414,36.4531107
"2243",127.4249247,36.4481722
"2244",127.4337921,36.4461385
"2245",127.4341584,36.4474566
"2246",127.4191563,36.4336402
"2247",127.4116254,36.4459802
"2248",127.4145785,36.4458789
"2249",127.4180831,36.3752902
"2250",127.4481296,36.3560296
"2251",127.4439812,36.3590804
"2252",127.4411636,36.3570125
"2253",127.4319127,36.3672522
"2254",127.4241777,36.4001616
"2255",127.4420178,36.3550972
"2256",127.4238347,36.3702812
"2257",127.4344864,36.3652736
"2258",127.4165129,36.3449786
"2259",127.4260365,36.3506786
"2260",127.4236685,36.3638647
"2261",127.4242262,36.3490481
"2262",127.4293429,36.3626954
"2263",127.4103223,36.3553175
"2264",127.4100513,36.351824
"2265",127.4137703,36.351004
"2266",127.4322296,36.362982
"2267",127.430918,36.3594511
"2268",127.4285816,36.3614731
"2269",127.4290227,36.3567207
"2270",127.4307509,36.4462287
"2271",127.4354324,36.450066
"2272",127.4266857,36.4474117
"2273",127.4220433,36.4440107
"2274",127.4301175,36.448605
"2275",127.4234643,36.435902
"2276",127.4204518,36.4466617
"2277",127.4320535,36.4379397
"2278",127.4377143,36.3614172
"2279",127.4375426,36.3610586
"2280",127.4374246,36.3605446
"2281",127.460627,36.3569452
"2282",127.4287968,36.453945
"2283",127.4287968,36.453945
"2284",127.424028,36.4494668
"2285",127.4385238,36.4532177
"2286",127.4131012,36.3592824
"2287",127.4071378,36.3540875
"2288",127.4159848,36.3544849
"2289",127.4142869,36.346122
"2290",127.4122803,36.3552355
"2291",127.4091124,36.3596876
"2292",127.4131158,36.3539723
"2293",127.4133639,36.3475578
"2294",127.416303,36.3514602
"2295",127.4179647,36.3507257
"2296",127.4185245,36.3479421
"2297",127.4162089,36.356764
"2298",127.4507369,36.3611731
"2299",127.4488462,36.3573113
"2300",127.4461327,36.3559816
"2301",127.4540375,36.3584306
"2302",127.4528251,36.3587079
"2303",127.4539324,36.3554284
"2304",127.4445343,36.3533299
"2305",127.4516181,36.3547334
"2306",127.4378076,36.364045
"2307",127.4474667,36.3586406
"2308",127.4556929,36.3547472
"2309",127.4393475,36.3644057
"2310",127.446257,36.3601779
"2311",127.4465608,36.3592222
"2312",127.4355147,36.3689321
"2313",127.4403192,36.3544631
"2314",127.4392576,36.3621226
"2315",127.4432646,36.3587696
"2316",127.4459794,36.3626673
"2317",127.440103,36.3575717
"2318",127.4429597,36.3570493
"2319",127.4473184,36.3630764
"2320",127.4316283,36.3651339
"2321",127.4308636,36.3659364
"2322",127.4115413,36.3652273
"2323",127.4150127,36.3664478
"2324",127.4116191,36.3642318
"2325",127.4289531,36.3582512
"2326",127.4332944,36.3595005
"2327",127.4307074,36.3629521
"2328",127.4226326,36.3596089
"2329",127.4335854,36.3642917
"2330",127.4289576,36.3666214
"2331",127.415625,36.3628019
"2332",127.4285438,36.3655629
"2333",127.4298674,36.3643702
"2334",127.4202484,36.3598949
"2335",127.428015,36.3594361
"2336",127.423786,36.3657022
"2337",127.4274181,36.3638962
"2338",127.4219778,36.3608536
"2339",127.4230077,36.3610883
"2340",127.4354756,36.3650014
"2341",127.4251385,36.3663354
"2342",127.4226476,36.3636416
"2343",127.4247595,36.3623351
"2344",127.4510247,36.3572928
"2345",127.4556501,36.3566314
"2346",127.426571,36.398102
"2347",127.4210453,36.3785683
"2348",127.4201742,36.3984769
"2349",127.4240201,36.4011356
"2350",127.4239565,36.4027129
"2351",127.4244261,36.3776992
"2352",127.4408535,36.4162476
"2353",127.4303409,36.4500213
"2354",127.4295387,36.4505503
"2355",127.424822,36.3720653
"2356",127.4250064,36.3941675
"2357",127.4325696,36.4452545
"2358",127.4301927,36.4416344
"2359",127.4378671,36.4502563
"2360",127.432939,36.4497219
"2361",127.4330104,36.4491619
"2362",127.431184,36.4481964
"2363",127.4275094,36.4534113
"2364",127.4327695,36.4472909
"2365",127.428048,36.4462122
"2366",127.4256129,36.4516224
"2367",127.4217537,36.4481182
"2368",127.4265958,36.4494554
"2369",127.446326,36.3559149
"2370",127.4521482,36.355849
"2371",127.442819,36.3567092
"2372",127.440413,36.3577588
"2373",127.4209585,36.3574246
"2374",127.4206125,36.3575052
"2375",127.427807,36.3595469
"2376",127.429625,36.3643294
"2377",127.4232321,36.3608986
"2378",127.414911,36.3462891
"2379",127.4276756,36.3633244
"2380",127.4323119,36.3630835
"2381",127.4247303,36.3721795
"2382",127.4259362,36.370754
"2383",127.4283146,36.3670405
"2384",127.4317693,36.3702562
"2385",127.4315661,36.3654126
"2386",127.4329658,36.4485819
"2387",127.426193,36.4472505
"2388",127.4249443,36.4514415
"2389",127.422976,36.4359586
"2390",127.4258361,36.442099
"2391",127.4262542,36.4406614
"2392",127.4219794,36.4435227
"2393",127.421688,36.3730177
"2394",127.4206366,36.3972219
"2395",127.4203883,36.3757096
"2396",127.4124122,36.4458795
"2397",127.4357671,36.4470168
"2398",127.434435,36.4527604
"2399",127.4189208,36.4326607
"2400",127.4198972,36.4314347
"2401",127.4106251,36.4459242
"2402",127.4226284,36.4519656
"2403",127.4223985,36.4511215
"2404",127.4325528,36.3630426
"2405",127.4366986,36.3637919
"2406",127.4425959,36.4055916
"2407",127.4202083,36.4541164
"2408",127.4207662,36.4539955
"2409",127.413824,36.424873
"2410",127.4197842,36.3748204
"2411",127.4486591,36.3534062
"2412",127.4452803,36.3633211
"2413",127.4211933,36.3625829
"2414",127.4119166,36.3503758
"2415",127.4060909,36.3502911
"2416",127.4276972,36.3620342
"2417",127.4307685,36.4424184
"2418",127.4304142,36.4522618
"2419",127.4236368,36.4462178
"2420",127.43359,36.431789
"2421",127.4511456,36.4487034
"2422",127.4214008,36.4428076
"2423",127.4224915,36.4404147
"2424",127.4117781,36.4430249
"2425",127.4226447,36.4321057
"2426",127.429994,36.4430074
"2427",127.4164425,36.3593968
"2428",127.4244976,36.3618548
"2429",127.4757973,36.4748677
"2430",127.4370559,36.4372456
"2431",127.4313248,36.3624963
"2432",127.412317,36.346826
"2433",127.418224,36.363648
"2434",127.4275755,36.4493275
"2435",127.427764,36.4524243
"2436",127.425586,36.3758569
"2437",127.4186357,36.3449541
"2438",127.4217344,36.3602422
"2439",127.4164599,36.3637501
"2440",127.4146838,36.6349284
"2441",127.413479,36.34538
"2442",127.40985,36.353773
"2443",127.405741,36.351255
"2444",127.416962,36.359488
"2445",127.429768,36.371652
"2446",127.436339,36.362632
"2447",127.419608,36.379141
"2448",127.4065,36.356043
"2449",127.44557,36.355353
"2450",127.424243,36.449608
"2451",127.420671,36.399482
"2452",127.415581,36.348044
"2453",127.408624,36.357582
"2454",127.406525,36.356969
"2455",127.431823,36.367634
"2456",127.42909,36.449707
"2457",127.424937,36.450538
"2458",127.4396,36.365268
"2459",127.423952,36.452246
"2460",127.429105,36.451521
"2461",127.426156,36.350944
"2462",127.449257,36.354333
"2463",127.432539,36.361778
"2464",127.424665,36.450459
"2465",127.437444,36.366181
"2466",127.429566,36.447303
"2467",127.426238,36.360671
"2468",127.422126,36.446403
"2469",127.424038,36.370264
"2470",127.43837,36.367173
"2471",127.427328,36.360772
"2472",127.429012,36.361041
"2473",127.43519,36.451199
"2474",127.411642,36.356694
"2475",127.419125,36.448875
"2476",127.412851,36.350627
"2477",127.4177136,36.3723875
"2478",127.441325,36.356799
"2479",127.432418,36.36614
"2480",127.433005,36.450055
"2481",127.422131,36.441027
"2482",127.405714,36.354877
"2483",127.425947,36.352408
"2484",127.434251,36.364473
"2485",127.429563,36.36447
"2486",127.444318,36.353241
"2487",127.472505,36.472676
"2488",127.431753,36.3670504
"2489",127.4007525,36.4476551
"2490",127.4178954,36.3707211
"2491",127.4071576,36.3557897
"2492",127.4117493,36.427449
"2493",127.4275041,36.3656638
"2494",127.43605,36.365262
"2495",127.4234214,36.3641229
"2496",127.445699,36.356401
"2497",127.4258822,36.4426164
"2498",127.4222953,36.4414134
"2499",127.4205468,36.4383912
"2500",127.420587,36.4334044
"2501",127.4237902,36.4346155
"2502",127.4201353,36.4369389
"2503",127.4245902,36.4369418
"2504",127.4108794,36.4440789
"2505",127.4155102,36.4480305
"2506",127.4214945,36.4362996
"2507",127.421674,36.445258
"2508",127.4147151,36.4471785
"2509",127.4046055,36.4464123
"2510",127.4127591,36.3488734
"2511",127.4206916,36.3743636
"2512",127.441393,36.3587528
"2513",127.42683,36.3712222
"2514",127.4332566,36.3653998
"2515",127.4337296,36.367995
"2516",127.4197833,36.4323916
"2517",127.420994,36.432886
"2518",127.4347852,36.4541408
"2519",127.4356579,36.4484259
"2520",127.417271,36.3490366
"2521",127.4221103,36.4428595
"2522",127.4125072,36.4462758
"2523",127.4464649,36.3650356
"2524",127.4410891,36.368432
"2525",127.4458224,36.362709
"2526",127.4469915,36.3612925
"2527",127.4352747,36.3645303
"2528",127.4351245,36.3649234
"2529",127.439477,36.3642672
"2530",127.4393361,36.361957
"2531",127.4201649,36.3612922
"2532",127.4152503,36.3639202
"2533",127.412084,36.3639549
"2534",127.4209787,36.3764138
"2535",127.4410448,36.3539755
"2536",127.4410423,36.3647
"2537",127.4419408,36.3641945
"2538",127.4212899,36.4496627
"2539",127.4105843,36.3638113
"2540",127.4274772,36.3648323
"2541",127.416288,36.4483791
"2542",127.4212182,36.3490359
"2543",127.4233132,36.3981964
"2544",127.4124808,36.3574463
"2545",127.411824,36.42808
"2546",127.4192004,36.3748207
"2547",127.4249443,36.4514415
"2548",127.4067701,36.3536839
"2549",127.419818,36.3777256
"2550",127.4266287,36.4457082
"2551",127.4155871,36.3670901
"2552",127.425838,36.4450425
"2553",127.4257746,36.356199
"2554",127.4224967,36.3622941
"2555",127.4248008,36.3613328
"2556",127.4327552,36.4503889
"2557",127.4236449,36.4449587
"2558",127.4119487,36.4470886
"2559",127.4118946,36.4478115
"2560",127.4213773,36.4357304
"2561",127.4748514,36.47307
"2562",127.4735693,36.4732873
"2563",127.4723319,36.4707504
"2564",127.4216085,36.4325987
"2565",127.4319756,36.3620372
"2566",127.4273296,36.3567283
"2567",127.4086781,36.3524938
"2568",127.4275765,36.3776666
"2569",127.4469791,36.3612186
"2570",127.4362359,36.3683944
"2571",127.4196981,36.3600285
"2572",127.4298824,36.3573161
"2573",127.4214252,36.357161
"2574",127.4366457,36.3632166
"2575",127.4223268,36.3570329
"2576",127.4299741,36.3615993
"2577",127.4283303,36.36291
"2578",127.4214359,36.3602661
"2579",127.4265765,36.3686916
"2580",127.4343827,36.3665566
"2581",127.4324409,36.3670401
"2582",127.4288113,36.3742406
"2583",127.4110715,36.4464115
"2584",127.4328819,36.450037
"2585",127.435959,36.450219
"2586",127.4215396,36.4430308
"2587",127.4264584,36.4419911
"2588",127.4225763,36.4359758
"2589",127.4105915,36.4437941
"2590",127.4147811,36.3654524
"2591",127.4115315,36.3478835
"2592",127.4389781,36.361575
"2593",127.4236131,36.4476399
"2594",127.4092614,36.3545602
"2595",127.4184064,36.3524738
"2596",127.4450147,36.3540158
"2597",127.4479067,36.3662077
"2598",127.4513141,36.3602852
"2599",127.4429668,36.3547544
"2600",127.4248705,36.4319473
"2601",127.4351978,36.4524295
"2602",127.4311635,36.4475442
"2603",127.4216357,36.4403802
"2604",127.4194523,36.448218
"2605",127.4120912,36.3591408
"2606",127.422799,36.3489995
"2607",127.4114497,36.3535742
"2608",127.4180291,36.3491893
"2609",127.4142739,36.3600226
"2610",127.4441403,36.3519958
"2611",127.4251557,36.3521568
"2612",127.4474646,36.3602125
"2613",127.4412607,36.3629677
"2614",127.4262788,36.3655692
"2615",127.4147165,36.3632633
"2616",127.4117915,36.3668162
"2617",127.4165863,36.3465003
"2618",127.4196879,36.3512778
"2619",127.40863,36.3567044
"2620",127.4104106,36.3615947
"2621",127.4144077,36.3532349
"2622",127.4254188,36.4012861
"2623",127.4269456,36.3687015
"2624",127.431454,36.3639102
"2625",127.4324565,36.3648969
"2626",127.4502,36.3604505
"2627",127.4521187,36.3594579
"2628",127.4375772,36.3677723
"2629",127.4469302,36.3581198
"2630",127.433954,36.371257
"2631",127.4361154,36.370632
"2632",127.4264153,36.3776141
"2633",127.4200913,36.425071
"2634",127.4335476,36.451802
"2635",127.4246836,36.4435621
"2636",127.4275561,36.4415376
"2637",127.4248295,36.452527
"2638",127.430353,36.4435339
"2639",127.4190542,36.3514071
"2640",127.4241352,36.3628297
"2641",127.4234237,36.3639556
"2642",127.4194193,36.3486682
"2643",127.4269848,36.3539734
"2644",127.4142821,36.3553357
"2645",127.4237556,36.3618396
"2646",127.4205867,36.3580714
"2647",127.4166702,36.3657926
"2648",127.400236,36.3685411
"2649",127.443244,36.3574689
"2650",127.4440566,36.3599098
"2651",127.4374583,36.3619328
"2652",127.4402089,36.3556995
"2653",127.4492544,36.3603716
"2654",127.4468742,36.3572456
"2655",127.4503492,36.3597977
"2656",127.4297929,36.4528553
"2657",127.4316866,36.4434
"2658",127.437258,36.4479829
"2659",127.4285704,36.4467624
"2660",127.4239585,36.4365071
"2661",127.4273434,36.3613008
"2662",127.4125768,36.3652155
"2663",127.4226813,36.3605509
"2664",127.4300884,36.3607996
"2665",127.4498794,36.3577118
"2666",127.4405731,36.3622842
"2667",127.4249475,36.4025656
"2668",127.4225619,36.4278482
"2669",127.4061598,36.452098
"2670",127.4308416,36.4515947
"2671",127.4250385,36.4462142
"2672",127.4273533,36.4512556
"2673",127.4232865,36.4471773
"2674",127.4158192,36.3556627
"2675",127.446501,36.357852
"2676",127.418733,36.358839
"2677",127.4227374,36.4393056
"2678",127.4197533,36.4210061
"2679",127.410248,36.3645854
"2680",127.4156426,36.3612513
"2681",127.4110492,36.3591317
"2682",127.4408208,36.3610449
"2683",127.4517214,36.3585347
"2684",127.438108,36.3699532
"2685",127.4258611,36.448311
"2686",127.3976281,36.3672076
"2687",127.4173627,36.3642185
"2688",127.427251,36.3524902
"2689",127.4089222,36.355521
"2690",127.4247378,36.3556056
"2691",127.4301952,36.3594333
"2692",127.4259783,36.3629493
"2693",127.4202134,36.3765813
"2694",127.4280635,36.4451218
"2695",127.4250243,36.4111148
"2696",127.4262508,36.3961365
"2697",127.4513232,36.3555551
"2698",127.4309077,36.4456533
"2699",127.4111732,36.4447225
"2700",127.4143293,36.3593761
"2701",127.4124302,36.3658233
"2702",127.4265704,36.3721141
"2703",127.4325772,36.371648
"2704",127.438591,36.3629422
"2705",127.4262856,36.4517148
"2706",127.4144563,36.365438
"2707",127.4173335,36.364481
"2708",127.4526221,36.4483008
"2709",127.4630026,36.4109007
"2710",127.4666421,36.4126352
"2711",127.4660102,36.4277074
"2712",127.4669213,36.4423778
"2713",127.4655798,36.4472447
"2714",127.4677595,36.4505296
"2715",127.4671558,36.4642469
"2716",127.4675159,36.4651256
"2717",127.4243474,36.4351486
"2718",127.4193689,36.3756015
"2719",127.4691465,36.4667899
"2720",127.4723182,36.4697248
"2721",127.4371014,36.4539401
"2722",127.4357554,36.4464414
"2723",127.4213744,36.4490965
"2724",127.4234116,36.4482045
"2725",127.4362142,36.3655853
"2726",127.4357941,36.3681276
"2727",127.4341219,36.4498549
"2728",127.4258826,36.3756219
"2729",127.4253598,36.3745566
"2730",127.4221917,36.4380574
"2731",127.4237203,36.4441843
"2732",127.4382584,36.4135996
"2733",127.4281297,36.3669995
"2734",127.4239275,36.3968734
"2735",127.4250343,36.3983754
"2736",127.4345477,36.4482485
"2737",127.4344899,36.4462425
"2738",127.4359944,36.4547788
"2739",127.4231563,36.4501452
"2740",127.4120772,36.4464505
"2741",127.4434757,36.3634232
"2742",127.4243437,36.436179
"2743",127.4284789,36.3628271
"2744",127.4562747,36.3553212
"2745",127.4588935,36.3567903
"2746",127.4424181,36.3644942
"2747",127.4428864,36.3691402
"2748",127.4326322,36.3722535
"2749",127.4294556,36.374581
"2750",127.433913,36.3707904
"2751",127.4231497,36.3663979
"2752",127.4235081,36.3687831
"2753",127.4243594,36.3731577
"2754",127.4109703,36.441391
"2755",127.4122744,36.3562792
"2756",127.4224132,36.4388894
"2757",127.4275888,36.4502477
"2758",127.4273911,36.4441199
"2759",127.4105621,36.4452648
"2760",127.4275094,36.4534113
"2761",127.4275561,36.4415376
"2762",127.4123924,36.3521251
"2763",127.4094907,36.3588943
"2764",127.4143014,36.3641679
"2765",127.4175009,36.3764021
"2766",127.4434436,36.3514702
"2767",127.419118,36.3575401
"2768",127.4240467,36.358106
"2769",127.4213796,36.3592482
"2770",127.4288099,36.3656645
"2771",127.4270003,36.385231
"2772",127.442666,36.394957
"2773",127.4490035,36.3672446
"2774",127.4419314,36.3565937
"2775",127.4448164,36.3612562
"2776",127.4301996,36.4448367
"2777",127.4456943,36.4486951
"2778",127.4754721,36.4566203
"2779",127.4135084,36.3654086
"2780",127.4059272,36.4480261
"2781",127.424243,36.449608
"2782",127.4237091,36.4413817
"2783",127.424134,36.4425032
"2784",127.4449417,36.3593796
"2785",127.444884,36.3571635
"2786",127.4196576,36.4353701
"2787",127.4211814,36.4351561
"2788",127.4526428,36.3566866
"2789",127.4270495,36.4423036
"2790",127.4273678,36.3626409
"2791",127.4231674,36.3649209
"2792",127.4544315,36.3569708
"2793",127.4281571,36.3639659
"2794",127.432765,36.3642092
"2795",127.434993,36.3634943
"2796",127.3981125,36.4430807
"2797",127.3985524,36.4430677
"2798",127.4034745,36.4464015
"2799",127.4031205,36.4468934
"2800",127.4101764,36.4435056
"2801",127.4108791,36.4430179
"2802",127.410804,36.4426727
"2803",127.4132083,36.3540903
"2804",127.4141506,36.3514476
"2805",127.4338701,36.3705485
"2806",127.4216775,36.3512163
"2807",127.4307918,36.3613526
"2808",127.4230717,36.401623
"2809",127.4189976,36.3508661
"2810",127.4268253,36.3549871
"2811",127.4176415,36.3658523
"2812",127.4130147,36.3644691
"2813",127.4528177,36.3549987
"2814",127.444048,36.3655757
"2815",127.4223403,36.3642116
"2816",127.4422778,36.3557126
"2817",127.4277829,36.4541589
"2818",127.425721,36.450036
"2819",127.4140608,36.4485371
"2820",127.4249579,36.4404495
"2821",127.4192086,36.4286915
"2822",127.471105,36.416409
"2823",127.470541,36.415999
"2824",127.4282498,36.3649649
"2825",127.4267177,36.3638761
"2826",127.4463311,36.3608968
"2827",127.4490006,36.354923
"2828",127.421326,36.375619
"2829",127.4133639,36.3475578
"2830",127.429681,36.3639265
"2831",127.4314497,36.3603553
"2832",127.4243396,36.3638728
"2833",127.4348589,36.3624875
"2834",127.4257144,36.3619527
"2835",127.4146884,36.3543301
"2836",127.4159763,36.3576858
"2837",127.4071771,36.3525077
"2838",127.4758323,36.4548811
"2839",127.4094519,36.3498361
"2840",127.4106571,36.3489451
"2841",127.4188846,36.3656477
"2842",127.4109325,36.3648172
"2843",127.3991685,36.3691916
"2844",127.4023044,36.370309
"2845",127.4167428,36.3905342
"2846",127.4218088,36.3777787
"2847",127.4421487,36.3578927
"2848",127.4411186,36.3538898
"2849",127.4484877,36.3566748
"2850",127.428075,36.3723403
"2851",127.4488943,36.4486943
