127.4736804	36.3733856
127.4582707	36.3233342
127.4610325	36.3162189
127.4579307	36.3109913
127.4480353	36.3520282
127.4477282	36.3444333
127.4550684	36.3301051
127.4645065	36.3258704
127.4439517	36.3323045
127.4488838	36.3365309
127.4629865	36.2905033
127.4317109	36.3454846
127.4159854	36.3434006
127.4391424	36.3468702
127.4402607	36.3537665
127.4421961	36.3359862
127.4524752	36.3538191
127.4501301	36.3308379
127.4287126	36.3315627
127.4403112	36.3302017
127.4540401	36.3070763
127.4495766	36.3214608
127.4428749	36.3400043
127.4183404	36.3417831
127.430145	36.3442029
127.4295341	36.3556755
127.4243984	36.3390067
127.4469769	36.3243058
127.4275998	36.3353063
127.4415569	36.3228757
127.4501392	36.3520865
127.4494546	36.3452485
127.4441137	36.3495528
127.4427214	36.3315855
127.4506259	36.3361079
127.4616566	36.3294822
127.4554225	36.3306409
127.4631755	36.3266146
127.4462384	36.3162635
127.4580141	36.3110868
127.4556619	36.3023911
127.4685876	36.2792727
127.4491911	36.3207379
127.4604994	36.3231682
127.4607724	36.3150022
127.4263314	36.3479635
127.4378089	36.3462297
127.4306126	36.3448719
127.4302388	36.3532962
127.4350934	36.3381374
127.4512811	36.3505847
127.4531391	36.3486084
127.4551282	36.3315828
127.4557321	36.3202208
127.4464114	36.3401557
127.4423194	36.3489107
127.4449446	36.3392349
127.4292571	36.3526928
127.4251968	36.3422157
127.4406925	36.3371137
127.4456263	36.3222992
127.4333555	36.3378491
127.4354679	36.3244152
127.4365298	36.3350112
127.4425841	36.3350427
127.4411546	36.3338361
127.4259424	36.3340553
127.4529149	36.3460959
127.4494683	36.3480984
127.4512214	36.3431175
127.4572833	36.3365379
127.4591857	36.3293841
127.4569549	36.3285669
127.4654485	36.3296918
127.4463276	36.3179286
127.4751905	36.3502927
127.4298731	36.3497081
127.4392975	36.3440527
127.4481088	36.3289914
127.4625667	36.3271705
127.4366116	36.3479198
127.4301527	36.3511399
127.4228179	36.3415428
127.4337629	36.3513496
127.4208031	36.3474401
127.4220464	36.3444331
127.4425787	36.3482128
127.4499036	36.3443733
127.4613642	36.3295924
127.4603409	36.3259067
127.4637929	36.3287398
127.4494323	36.3364629
127.4511684	36.3329949
127.4513381	36.3325385
127.4629047	36.3165535
127.4542172	36.3190499
127.4538899	36.3187992
127.4661594	36.2818745
127.4650211	36.2784813
127.4699006	36.2784883
127.4667683	36.2791342
127.4478159	36.3150808
127.4475262	36.3151889
127.4560212	36.3103642
127.4593873	36.3039922
127.4578612	36.3059938
127.4334009	36.3495729
127.4350842	36.3552462
127.4350607	36.3541266
127.4204691	36.3476746
127.4273288	36.3518914
127.4401197	36.3492781
127.4429574	36.3451324
127.4515144	36.3384076
127.4506987	36.3404366
127.4427923	36.3254447
127.4478704	36.3217839
127.4367695	36.3220962
127.4440205	36.3178133
127.4419819	36.3166148
127.4581327	36.3158019
127.4591858	36.3256982
127.4647478	36.3251879
127.4618896	36.2896605
127.4661863	36.2768293
127.4359448	36.2552901
127.4306613	36.3368456
127.4464381	36.3216114
127.4466537	36.3235201
127.4227611	36.3474332
127.4307223	36.3483125
127.4435827	36.3486695
127.4667173	36.3178903
127.4564623	36.3161652
127.4574836	36.3226154
127.4564307	36.3354152
127.4633643	36.3316924
127.4605461	36.3252976
127.4336507	36.3530784
127.4312073	36.3520183
127.4291373	36.3489103
127.4271062	36.3491773
127.4403836	36.3472397
127.4507113	36.3419971
127.4473038	36.3507384
127.4338038	36.3394051
127.4563782	36.3084395
127.4605246	36.3096034
127.4460035	36.3128004
127.4487075	36.3509981
127.4431319	36.3321793
127.4215538	36.3417524
127.4594543	36.3155857
127.4710966	36.2792168
127.4640346	36.3252911
127.4630341	36.3250145
127.4756233	36.3719897
127.4743466	36.3731451
127.4361028	36.3577289
127.4377496	36.3571413
127.4309758	36.3554953
127.4550153	36.3075673
127.4554123	36.3071264
127.4591884	36.3060689
127.4587485	36.3047634
127.4630602	36.2771677
127.4629261	36.2767828
127.4627383	36.2768131
127.4744485	36.3755488
127.4536593	36.3189764
127.4410041	36.3244437
127.4478596	36.3457534
127.4480892	36.2282894
127.4923646	36.3412797
127.4709914	36.3738055
127.4528821	36.3096032
127.4519908	36.3061445
127.4193208	36.3469003
127.4514565	36.3270515
127.4461781	36.3157663
127.4379209	36.3236216
127.4379209	36.3236216
127.4419529	36.3376761
127.4985257	36.3540516
127.4290697	36.3478693
127.4391633	36.3208523
127.4334306	36.3554317
127.4474564	36.3491068
127.4760167	36.2845277
127.4616497	36.3273592
127.4625062	36.3291872
127.4552264	36.3265164
127.4204545	36.3461057
127.4611522	36.3264845
127.4480824	36.3349744
127.4307897	36.3465237
127.4843822	36.3353979
127.4300845	36.3422837
127.4458377	36.3257183
127.4604704	36.3166667
127.4307933	36.3555383
127.4583782	36.2848574
127.4515515	36.3396214
127.4637441	36.2888639
127.4652962	36.3366299
127.4523141	36.2929999
127.4621669	36.2972177
127.4555442	36.3272949
127.4676081	36.3174003
127.4545289	36.3336528
127.4479763	36.3519093
127.4671337	36.2753052
127.4404063	36.3364981
127.4398316	36.3376014
127.4453036	36.3319417
127.4266964	36.3397836
127.4357601	36.3575478
127.4315066	36.3557494
127.4339817	36.3288819
127.4339658	36.3262106
127.4364918	36.3523935
127.4567853	36.3069641
127.4322679	36.3500272
127.4542229	36.3282541
127.4352441	36.3267907
127.4553723	36.3059625
127.4327286	36.3284683
127.4616773	36.3277165
127.4285377	36.3344811
127.4305237	36.3289197
127.4317858	36.3274171
127.4430313	36.3295983
127.4512561	36.3488499
127.4388273	36.3499155
127.4378087	36.3519097
127.4370162	36.3492227
127.4603222	36.3173582
127.4333357	36.3300388
127.4319539	36.3325688
127.4303605	36.3321351
127.4248835	36.3415333
127.4311225	36.3311921
127.4313859	36.3306562
127.4333808	36.3271073
127.4335751	36.3513388
127.4312772	36.3526265
127.4364894	36.3470034
127.4277488	36.3502319
127.4207816	36.3409923
127.4407414	36.3446299
127.4530704	36.3477884
127.4483376	36.3401755
127.4502419	36.3391483
127.4471354	36.3333023
127.4497046	36.3331353
127.4442674	36.3294719
127.4483205	36.3300643
127.4418311	36.3415775
127.4204505	36.3424288
127.4306349	36.3430344
127.430723	36.3567552
127.4222008	36.3409249
127.4475691	36.32522
127.4291137	36.336086
127.4408393	36.3257016
127.4699004	36.2798698
127.4481858	36.2278913
127.4929464	36.3412252
127.4447065	36.3168757
127.4351917	36.3475474
127.4494298	36.3221168
127.4683343	36.3157856
127.4577557	36.3276789
127.4519322	36.3435938
127.4428728	36.3426456
127.4470879	36.3531564
127.4565693	36.3471364
127.4749849	36.3492589
127.4312645	36.3482654
127.4480537	36.3255652
127.4503297	36.3304429
127.4459308	36.3172981
127.4648654	36.3266611
127.4717835	36.2674752
127.4718855	36.270347
127.4688385	36.2720467
127.4396162	36.3424319
127.4444081	36.3318375
127.4506287	36.3372667
127.4452562	36.3478857
127.4386466	36.3367606
127.4310192	36.3501858
127.434098	36.3437426
127.4298151	36.3476439
127.4274764	36.3456837
127.4297296	36.3342475
127.4357367	36.3238852
127.4442547	36.3282631
127.4190273	36.3424743
127.4270286	36.3368814
127.4621017	36.3105803
127.4613498	36.3088844
127.4719604	36.3160131
127.4553201	36.3159558
127.4490906	36.3237356
127.4498345	36.3202022
127.4491423	36.3248346
127.4790908	36.4175418
127.4651751	36.2876082
127.4483822	36.3369312
127.4418955	36.3389297
127.4445598	36.3429786
127.4510792	36.3445972
127.4879492	36.3508353
127.4876461	36.3508115
127.4269344	36.3453151
127.4454963	36.3244513
127.4450591	36.3243757
127.4453112	36.3239867
127.4443896	36.3267724
127.4452248	36.3265116
127.469366	36.237932
127.5071435	36.3689976
127.4485708	36.3387858
127.4487343	36.3388445
127.4565045	36.3154659
127.4563265	36.3153669
127.4616757	36.3294892
127.4603168	36.3261163
127.4562386	36.3332264
127.4567318	36.3030268
127.4632801	36.2775785
127.4630441	36.2767136
127.4686496	36.2383234
127.4700996	36.2352824
127.4524014	36.3396413
127.4320274	36.3562644
127.4298034	36.3550752
127.4327989	36.3448887
127.4313515	36.3439036
127.4276874	36.3466568
127.4228428	36.3446456
127.4175088	36.3400882
127.4193045	36.3398922
127.4144221	36.3420004
127.4254136	36.3379379
127.4390933	36.3320523
127.4398347	36.3359503
127.4396074	36.3368956
127.4394983	36.3371944
127.4809232	36.3866132
127.4395044	36.3372004
127.4289178	36.3331093
127.4373609	36.3208276
127.4444643	36.3229196
127.4491457	36.3280317
127.4509114	36.3296493
127.4480494	36.3314265
127.4478996	36.3312127
127.4509942	36.3064281
127.4480407	36.3187152
127.4475654	36.3187706
127.4475627	36.3187598
127.4387734	36.3178208
127.4427743	36.3114359
127.4512254	36.3051116
127.4447401	36.3182009
127.4473894	36.3180575
127.4546099	36.3475591
127.4493436	36.3460362
127.458082	36.3135024
127.4804908	36.3310547
127.4491965	36.3229718
127.4515388	36.3211725
127.4662594	36.3283193
127.4662809	36.3261388
127.4741677	36.3457228
127.4804031	36.3316777
127.4779443	36.3790022
127.4548407	36.2294923
127.4683153	36.2808735
127.4530107	36.3373872
127.4420003	36.3324737
127.4422894	36.3323466
127.4422572	36.3454456
127.4458234	36.3444483
127.4257750	36.3270417
127.4260389	36.3242000
127.4237806	36.3311333
127.4169750	36.3350278
127.4258361	36.3200917
127.4316500	36.3222889
127.4354528	36.3157444
127.3919500	36.3079806
127.3918611	36.3178583
127.4094250	36.3265722
127.4276222	36.3266833
127.4340278	36.3181306
127.4448056	36.3084056
127.4315806	36.3139694
127.4490083	36.3017056
127.3902417	36.3089972
127.3988139	36.3221583
127.3958972	36.3063833
127.3851056	36.2986722
127.4013472	36.3070222
127.4084528	36.2667139
127.4077528	36.3154000
127.3990667	36.3119778
127.3903694	36.3157167
127.3946583	36.3160639
127.3960194	36.3221389
127.3889639	36.3229139
127.4200944	36.3160306
127.4101056	36.3190750
127.3979444	36.3309722
127.3919000	36.3183333
127.4100417	36.3371139
127.4110500	36.3420972
127.4056833	36.3366056
127.4141639	36.3298778
127.4238028	36.3318444
127.4466167	36.3060056
127.4364139	36.3167194
127.4015806	36.3224333
127.4010056	36.3286639
127.4130250	36.3139139
127.4086028	36.3134472
127.4210333	36.3188500
127.4212694	36.3126361
127.4101556	36.3389278
127.4075528	36.3383417
127.4189028	36.3277694
127.4026417	36.3078167
127.3986278	36.3061833
127.4524944	36.2968750
127.4481417	36.3026944
127.4477778	36.3024250
127.4469917	36.3008944
127.4445972	36.3090278
127.4457694	36.3092639
127.4444806	36.3076028
127.4311556	36.3146028
127.4359694	36.3102278
127.4337389	36.3106583
127.4267472	36.3196111
127.4275111	36.3207083
127.4283417	36.3255333
127.4056722	36.3110028
127.4012583	36.3108778
127.4003750	36.3074694
127.3981083	36.3073111
127.3968694	36.3113667
127.3966000	36.3126333
127.4007417	36.3161083
127.4007417	36.3184722
127.3988222	36.3209639
127.3950556	36.3203500
127.3899611	36.3082889
127.3855583	36.3052250
127.3849528	36.3053806
127.3869889	36.2992778
127.3841278	36.3038778
127.3917139	36.3047444
127.3829694	36.2966778
127.3847639	36.3001694
127.3877111	36.2963944
127.3835083	36.2954611
127.3801417	36.2918278
127.3790917	36.2902222
127.3792889	36.2865083
127.4147167	36.3184500
127.4213806	36.3200000
127.4191250	36.3230861
127.4031361	36.3320722
127.4044111	36.3253111
127.4040333	36.3246028
127.4099694	36.3106389
127.4054056	36.3172417
127.3989944	36.3245806
127.4007556	36.3244500
127.3980639	36.3272111
127.3943361	36.3284056
127.3973306	36.3290333
127.3869778	36.3162583
127.4033361	36.3360444
127.4083694	36.3320611
127.4084972	36.3330167
127.4079417	36.3374583
127.4057639	36.3380472
127.4119000	36.3385639
127.4127861	36.3385000
127.4114083	36.3418139
127.4221694	36.3325583
127.4205639	36.3314417
127.4173444	36.3280667
127.4148556	36.3317417
127.4166722	36.3287833
127.4396806	36.3061889
127.4363278	36.3189333
127.4533944	36.3013361
127.4517750	36.2992778
127.3873194	36.3073250
127.3921000	36.3077139
127.3890583	36.3045167
127.4151056	36.3248722
127.3920500	36.3253333
127.3988222	36.3262778
127.4038667	36.3303583
127.4160861	36.3155528
127.4175917	36.3257194
127.4172000	36.3297139
127.4248056	36.3270472
127.4360194	36.3086694
127.4306028	36.3119000
127.4294806	36.3129417
127.4308806	36.3099833
127.4539111	36.2972667
127.4262972	36.3261167
127.4448417	36.3073222
127.4023083	36.3110417
127.3913667	36.3087556
127.3876333	36.2989972
127.3845556	36.3015750
127.3852583	36.3027111
127.3966889	36.3101250
127.3949556	36.3098278
127.3951833	36.3086056
127.4214417	36.3197194
127.4223972	36.3193694
127.3867278	36.3170694
127.4111833	36.3191028
127.4045194	36.3163056
127.4110944	36.3189528
127.4114000	36.3124444
127.4136500	36.3127694
127.4084139	36.3126333
127.4127833	36.3116472
127.4104528	36.3208194
127.4076444	36.3160139
127.3902500	36.3218250
127.3903778	36.3218917
127.4111056	36.3348833
127.4153306	36.3387750
127.4045694	36.3377444
127.4182333	36.3277333
127.4163889	36.3352194
127.4307583	36.3261028
127.4378306	36.3162667
127.4402361	36.3110806
127.4338389	36.3095694
127.3957694	36.3148639
127.4035972	36.3198278
127.4003972	36.3114500
127.3936250	36.3082056
127.3934056	36.3142639
127.4027000	36.3312306
127.4042917	36.3200222
127.4001222	36.3256639
127.3957472	36.3314222
127.4172361	36.3363250
127.4347917	36.3168750
127.4384417	36.3106917
127.4028556	36.3065306
127.3899389	36.3056972
127.3906583	36.3062667
127.3943222	36.3189444
127.4012361	36.3147139
127.3857667	36.2960694
127.4196250	36.3166889
127.4115444	36.3257833
127.4283139	36.3138083
127.3916583	36.3262944
127.4017139	36.3257750
127.3943778	36.3224667
127.4122806	36.3363278
127.4094139	36.3341556
127.4364611	36.3116639
127.4277278	36.3266361
127.4251111	36.3257861
127.4235694	36.3251750
127.4028861	36.3093694
127.4007278	36.3285639
127.4121722	36.3246806
127.4113056	36.3095667
127.4044361	36.3176361
127.4138472	36.3231333
127.4059083	36.3305333
127.4099583	36.3216694
127.4209222	36.3241972
127.4150528	36.3348389
127.4267111	36.3304222
127.4294694	36.3273556
127.4302444	36.3126750
127.4285028	36.3260333
127.3979361	36.3193139
127.3988528	36.3088167
127.3900000	36.3225861
127.4195944	36.3173611
127.4077083	36.3184833
127.4219917	36.3200306
127.3865722	36.3185722
127.4116778	36.3206972
127.4117083	36.3212639
127.4091139	36.3352167
127.4117056	36.3406833
127.4104667	36.3421167
127.4230250	36.3333083
127.4203500	36.3311278
127.4294250	36.3263611
127.4297806	36.3257306
127.4288611	36.3254722
127.4270861	36.3247583
127.4250444	36.3248111
127.4254861	36.3239528
127.4076722	36.3210806
127.4382194	36.3121528
127.4313611	36.3125889
127.4004139	36.3170278
127.3983111	36.2775944
127.4146250	36.2263806
127.4202472	36.3203972
127.4080528	36.3281306
127.4256167	36.3156583
127.4055889	36.3256528
127.4101278	36.3376528
127.4493306	36.3021917
127.4467861	36.3087917
127.4407278	36.3078028
127.4326583	36.3137944
127.4277917	36.3200722
127.3841917	36.2965083
127.3840111	36.3004583
127.3969083	36.3065750
127.4012750	36.3091250
127.3959500	36.3200944
127.3975806	36.3134722
127.3964917	36.3166583
127.3961667	36.3077028
127.3944528	36.3205000
127.4041167	36.3270083
127.4046528	36.3396639
127.4038694	36.3392694
127.4041778	36.3386389
127.4369111	36.3075139
127.4327389	36.3117833
127.4476333	36.3008444
127.4494556	36.3011861
127.4352972	36.3185417
127.4336389	36.3190861
127.3958056	36.3128556
127.3964167	36.3127861
127.3905806	36.2878972
127.3911222	36.2873417
127.3989278	36.3064917
127.3937528	36.3182056
127.3999278	36.3067833
127.3915250	36.3091972
127.4097722	36.2661639
127.4126556	36.3214750
127.4034528	36.3319361
127.3888972	36.3236556
127.4104722	36.3271028
127.4049972	36.3384694
127.4037694	36.3383139
127.4035972	36.3379806
127.4040944	36.3389361
127.4082667	36.3359306
127.4166556	36.3382139
127.4110167	36.3432028
127.4154667	36.3308306
127.4253549	36.32697206
127.4253213	36.32696297
127.4377986	36.31365671
127.4292713	36.31952301
127.4374795	36.31824044
127.4278741	36.31670392
127.4349557	36.30980222
127.4421849	36.30841052
127.4435487	36.30646125
127.4544741	36.29699937
127.388953	36.31441849
127.4048159	36.31383269
127.40047090	36.31701608
127.40393179	36.31058055
127.3885581	36.30362320
127.3920146	36.31252902
127.375171	36.28201658
127.4094394	36.32859556
127.4199282	36.31072782
127.4091931	36.32218152
127.3967257	36.32680062
127.3944598	36.32705036
127.4121193	36.33424826
127.4130667	36.33964291
127.423765	36.32876216
127.4266377	36.33125061
127.4178435	36.32994303
127.43489200	36.31160248
127.3923073	36.30460148
127.4149762	36.31525580
127.3932238	36.32770704
127.43365260	36.31426780
127.44159020	36.30709060
127.43721770	36.31250310
127.42687470	36.32118450
127.43060640	36.31099890
127.45383800	36.29758300
127.40282500	36.30734200
127.38802500	36.30464200
127.39922530	36.30779430
127.40440000	36.30814200
127.39728710	36.32153200
127.40277480	36.30785450
127.40277480	36.30785450
127.38984320	36.29448270
127.39976120	36.27495800
127.41111600	36.32789290
127.41828920	36.32176040
127.42118370	36.31725190
127.39433750	36.32861170
127.41003370	36.32581810
127.40956400	36.33471710
127.41624530	36.33002980
127.42058310	36.33359290
127.42313300	36.33329320
127.4157677	36.3240496
127.4157730	36.3257820
127.4156860	36.3250870
127.4154616	36.3265571
127.4162994	36.3256046
127.4300315	36.3227918
127.4308959	36.3211559
127.4339734	36.3208631
127.4391397	36.3133005
127.4371845	36.3086134
127.4389803	36.3094254
127.4403826	36.3091888
127.4423808	36.3075757
127.4382076	36.3040757
127.4443758	36.3104952
127.4475405	36.3034055
127.4515100	36.3013359
127.4534192	36.2991441
127.4545594	36.2998687
127.4290638	36.3150031
127.4289292	36.3120303
127.4346460	36.3146746
127.4370133	36.3104899
127.4276894	36.3097306
127.4428024	36.3074238
127.3879799	36.3021928
127.3865388	36.3078348
127.3860611	36.3092543
127.3867705	36.2973089
127.3891903	36.3075015
127.3762538	36.2857556
127.3959492	36.3031888
127.3925792	36.3045925
127.3944264	36.3145285
127.3877671	36.3143526
127.4026974	36.3194923
127.4021342	36.3136741
127.3969060	36.3175276
127.3998954	36.3139690
127.3975755	36.3153770
127.4076367	36.3084950
127.4075218	36.3124992
127.4023698	36.3319373
127.4119467	36.3276497
127.4003845	36.3304912
127.3996293	36.3327339
127.4022938	36.3237154
127.3959226	36.3300902
127.4111992	36.3139324
127.4264400	36.3145496
127.4240093	36.3152452
127.4229874	36.3172128
127.4175859	36.3153613
127.4212540	36.3135264
127.4095940	36.3361521
127.4136152	36.3353860
127.4141686	36.3372479
127.4116494	36.3358409
127.4078843	36.3402592
127.4213752	36.3299912
127.4164880	36.3323153
127.4176767	36.3272483
127.4198040	36.3324775
127.4154367	36.3337660
127.4138252	36.3281450
127.4338117	36.3204941
127.4472620	36.3045098
127.4420738	36.3101766
127.4557062	36.2966288
127.4526404	36.2942480
127.4489934	36.3065782
127.4298075	36.3090673
127.4281349	36.3151499
127.4242975	36.3239950
127.3999195	36.3149849
127.4029271	36.3107926
127.3803521	36.2876095
127.4101395	36.2320632
127.3979044	36.2550324
127.3820507	36.3047516
127.4196346	36.3201901
127.4234271	36.3192184
127.4269472	36.3126582
127.4227305	36.3146257
127.4090833	36.3261254
127.4018455	36.3337819
127.4061435	36.3220161
127.3938917	36.3293710
127.3982583	36.3339491
127.3959561	36.3288253
127.3932293	36.3252979
127.4119164	36.3084009
127.4197496	36.3360105
127.4101234	36.3287172
127.4039988	36.3481813
127.4256293	36.3297454
127.4224023	36.3294513
127.4184793	36.3338517
127.4215455	36.3286543
127.4169358	36.3313794
127.4394447	36.3101743
127.4456726	36.3055277
127.456577	36.2961854
127.4360903	36.3147844
127.3903627	36.3038837
127.3896384	36.3113623
127.3860058	36.2982589
127.4011821	36.3186334
127.3975608	36.3203478
127.4001067	36.3225755
127.3972522	36.3126746
127.4111997	36.3113898
127.391975	36.3281045
127.4235021	36.3204889
127.4080873	36.3391635
127.4139077	36.3363028
127.409018	36.347325
127.4093163	36.3470768
127.3763446	36.28487936
127.388635	36.31617578
127.4291483	36.32294035
127.3871999	36.31005484
127.4459259	36.30790594
127.4112378	36.3454247
127.3893583	36.3163847
127.4093331	36.3091205
127.427938	36.32695000
127.4292784	36.32741346
127.4258449	36.32025371
127.43378700	36.31755000
127.4363443	36.31394885
127.4378048	36.31450025
127.4274831	36.31808624
127.4297753	36.31894459
127.416675	36.31854999
127.43458800	36.31297499
127.3952596	36.32563238
127.39887600	36.32018070
127.38645000	36.30447499
127.4183821	36.32959947
127.427075	36.32708300
127.42729540	36.32889560
127.4087318	36.33791661
127.4218447	36.32490497
127.42059890	36.32425700
127.43527	36.31583473
127.4139526	36.31660533
127.39891457	36.32876997
127.40015049	36.32587950
127.39187875	36.31788501
127.392655	36.31944580
127.41444500	36.32116899
127.4098086	36.32108098
127.3991943	36.30774167
127.38926290	36.30531396
127.388586	36.31013199
127.3647220	36.3521670
127.3733170	36.3489580
127.335344	36.300556
127.389106	36.339914
127.377117	36.341744
127.372328	36.316778
127.401156	36.342031
127.361008	36.355647
127.370075	36.354072
127.372281	36.347594
127.386664	36.338353
127.384272	36.339425
127.383053	36.337711
127.383931	36.313042
127.374206	36.318025
127.355469	36.354353
127.366147	36.355642
127.392067	36.3452
127.352169	36.304022
127.367467	36.346172
127.373425	36.345808
127.374014	36.343789
127.338303	36.300086
127.378806	36.320711
127.380347	36.317519
127.372711	36.318097
127.371289	36.314158
127.375292	36.349939
127.3753	36.366222
127.377342	36.327471
127.382842	36.323469
127.398092	36.339589
127.392256	36.334586
127.358694	36.354536
127.365753	36.356628
127.367669	36.354697
127.400617	36.347372
127.395472	36.340922
127.337222	36.30965
127.343389	36.299106
127.378675	36.300775
127.378692	36.3024
127.362261	36.295439
127.361006	36.295508
127.352953	36.301794
127.388642	36.331328
127.366653	36.344925
127.376353	36.343069
127.373311	36.341319
127.340694	36.305825
127.327358	36.298072
127.334769	36.297089
127.384147	36.34035
127.380031	36.330933
127.381044	36.311853
127.371117	36.323742
127.3804	36.319956
127.376372	36.3149
127.373792	36.311189
127.39385	36.354628
127.380814	36.350489
127.392997	36.362428
127.393614	36.359753
127.400325	36.353372
127.396622	36.350122
127.376719	36.366253
127.370141	36.334256
127.377625	36.308083
127.357731	36.354808
127.355339	36.353772
127.368364	36.356153
127.366197	36.3025
127.395978	36.34575
127.390264	36.344989
127.379131	36.329956
127.378514	36.330331
127.378572	36.33185
127.374286	36.362153
127.373	36.362167
127.372983	36.361086
127.374281	36.360978
127.367383	36.302778
127.365878	36.303794
127.367042	36.303978
127.353375	36.300856
127.390131	36.330922
127.370219	36.353081
127.371647	36.356464
127.371642	36.352794
127.373986	36.346494
127.370972	36.344864
127.373644	36.349861
127.384972	36.337067
127.384744	36.335517
127.376539	36.333308
127.381411	36.314542
127.372208	36.321814
127.377697	36.316544
127.375392	36.312739
127.400511	36.350689
127.401297	36.349411
127.368994	36.329803
127.377967	36.31095
127.375769	36.310458
127.399756	36.34165
127.396542	36.339094
127.360553	36.353275
127.359931	36.356653
127.397217	36.346561
127.399625	36.344578
127.379358	36.342575
127.354161	36.302689
127.354286	36.297006
127.389117	36.330069
127.387639	36.330539
127.383717	36.329636
127.366278	36.352267
127.368458	36.348419
127.365717	36.346131
127.368397	36.343936
127.370997	36.356247
127.369336	36.355389
127.375356	36.341597
127.371658	36.344731
127.336619	36.299936
127.333464	36.297792
127.337153	36.30065
127.339136	36.298058
127.34065	36.295525
127.343586	36.2976
127.342111	36.299936
127.376822	36.339892
127.376294	36.336211
127.315694	36.241239
127.338086	36.249661
127.371514	36.335208
127.377756	36.33435
127.380817	36.315828
127.382122	36.310417
127.371803	36.324986
127.372286	36.323714
127.374617	36.324922
127.374442	36.321764
127.375156	36.314372
127.374017	36.312964
127.377878	36.313431
127.395061	36.354636
127.393856	36.353567
127.379106	36.350714
127.381964	36.349558
127.380864	36.349061
127.381283	36.346361
127.395414	36.350647
127.396567	36.351164
127.399272	36.350047
127.374331	36.366514
127.374189	36.367378
127.374936	36.367689
127.368864	36.332708
127.368114	36.330372
127.386544	36.325017
127.385019	36.324242
127.376939	36.310525
127.374003	36.309378
127.377594	36.298858
127.379444	36.29855
127.360717	36.354872
127.366044	36.356822
127.367044	36.357589
127.368233	36.304878
127.364911	36.298903
127.363344	36.30005
127.364389	36.306328
127.393253	36.343003
127.390397	36.344158
127.39025	36.34485
127.354097	36.299056
127.371711	36.351811
127.367247	36.351044
127.370344	36.357319
127.378675	36.344339
127.372472	36.349194
127.369994	36.346194
127.337258	36.304442
127.339192	36.301525
127.380594	36.335392
127.340519	36.254397
127.371444	36.335972
127.371667	36.323206
127.378339	36.315467
127.37715	36.352475
127.397433	36.350742
127.372303	36.365364
127.382511	36.326061
127.373269	36.329142
127.375367	36.306581
127.392592	36.333839
127.356194	36.353472
127.362042	36.356111
127.365936	36.307389
127.398111	36.342639
127.389382	36.345894
127.352	36.303819
127.351542	36.301197
127.352322	36.298547
127.366743	36.353299
127.365431	36.351066
127.365831	36.344856
127.374924	36.343484
127.374569	36.342344
127.371192	36.350578
127.336925	36.310519
127.330922	36.301492
127.332328	36.299575
127.328739	36.299483
127.325278	36.299197
127.334492	36.298167
127.331014	36.294778
127.343331	36.298872
127.378103	36.339383
127.378103	36.339383
127.38569	36.340362
127.386613	36.338022
127.341883	36.254503
127.340062	36.255059
127.378375	36.331351
127.375322	36.333065
127.382062	36.330545
127.374975	36.312829
127.371519	36.321367
127.372386	36.312267
127.395175	36.359664
127.400267	36.355681
127.370911	36.365486
127.376769	36.367233
127.373269	36.368147
127.368764	36.331816
127.385322	36.325575
127.382514	36.323494
127.376544	36.308382
127.374878	36.299283
127.380714	36.298161
127.376692	36.297753
127.376861	36.296064
127.379578	36.296889
127.358972	36.355442
127.360122	36.356969
127.365897	36.355367
127.374219	36.363369
127.3671	36.361072
127.366997	36.359875
127.367014	36.361081
127.363617	36.359672
127.367892	36.306314
127.369533	36.303003
127.366278	36.304131
127.364592	36.302208
127.366606	36.301861
127.395778	36.346608
127.396553	36.345342
127.394928	36.343014
127.38735	36.343397
127.349144	36.3021
127.364183	36.348517
127.369628	36.350908
127.372914	36.343322
127.380858	36.340089
127.379489	36.337842
127.309489	36.226164
127.362794	36.337453
127.373561	36.330922
127.382097	36.320453
127.369308	36.317425
127.393728	36.350172
127.375394	36.355939
127.400736	36.351253
127.3794	36.327442
127.39195	36.338378
127.360358	36.352339
127.364531	36.354697
127.378156	36.362258
127.371356	36.357814
127.358439	36.308836
127.361703	36.305297
127.364131	36.303619
127.396144	36.344403
127.400566	36.348467
127.400014	36.345545
127.351175	36.298492
127.352003	36.297797
127.388685	36.329701
127.387219	36.332497
127.365628	36.3474
127.370778	36.341953
127.372056	36.357286
127.370681	36.346256
127.340736	36.307108
127.336383	36.29968
127.329958	36.296322
127.329419	36.298856
127.330344	36.298753
127.338319	36.299375
127.368822	36.335281
127.374322	36.32735
127.375797	36.3217
127.382031	36.319169
127.394758	36.355122
127.381606	36.346728
127.384628	36.356119
127.393558	36.358847
127.401767	36.353328
127.37365	36.366239
127.376719	36.365381
127.376786	36.307375
127.37815	36.300872
127.380822	36.297353
127.3758	36.297203
127.379083	36.295853
127.378361	36.293925
127.398372	36.339783
127.392853	36.334997
127.360267	36.357464
127.365278	36.354686
127.371483	36.362183
127.368569	36.302378
127.367689	36.306939
127.365492	36.300128
127.394303	36.343872
127.391203	36.3448
127.383754	36.329525
127.374143	36.347682
127.339033	36.303581
127.335547	36.309547
127.338661	36.309297
127.338886	36.306314
127.328633	36.297231
127.331097	36.297547
127.343245	36.301854
127.322228	36.284675
127.373922	36.32625
127.377358	36.309328
127.370394	36.30365
127.365722	36.303883
127.361883	36.289917
127.392522	36.344136
127.384967	36.346978
127.387589	36.343828
127.361497	36.357836
127.367589	36.311042
127.388442	36.328947
127.373164	36.351622
127.371706	36.343111
127.329586	36.300953
127.388617	36.337692
127.376422	36.335342
127.372303	36.322467
127.376498	36.323571
127.353281	36.352886
127.392242	36.340956
127.372319	36.366242
127.378414	36.307236
127.372448	36.326316
127.367567	36.304761
127.383956	36.325378
127.389736	36.357436
127.392653	36.363683
127.376903	36.357386
127.396264	36.349436
127.387556	36.334894
127.368236	36.340108
127.378319	36.332675
127.371597	36.354022
127.375919	36.342047
127.370878	36.3438
127.358069	36.356603
127.371533	36.363372
127.382183	36.369736
127.344828	36.304753
127.338322	36.311094
127.333129	36.306379
127.345084	36.252244
127.371077	36.346913
127.36221	36.35476
127.365836	36.278628
127.338307	36.220798
127.350737	36.29976
127.386005	36.328934
127.381877	36.325224
127.344801	36.331865
127.3389266	36.33159976
127.3477494	36.33058678
127.3412215	36.33038797
127.3459766	36.32852765
127.3416589	36.32825506
127.3452724	36.32722002
127.3456668	36.32616698
127.3475766	36.32593338
127.3454812	36.32502657
127.3441853	36.32201282
127.342322	36.32116287
127.3476219	36.32087466
127.345221	36.320925
127.3432022	36.32017735
127.347655	36.31902319
127.3421365	36.31920745
127.34412	36.318864
127.34491	36.318137
127.346624	36.317207
127.3452548	36.31587824
127.350475	36.31483882
127.350335	36.31289248
127.346923	36.31141237
127.344827	36.311117
127.3521251	36.31093002
127.3528204	36.31042781
127.3470991	36.31014812
127.3528561	36.30929481
127.354695	36.30906
127.347601	36.308923
127.342818	36.308497
127.351275	36.308513
127.349327	36.308005
127.3538723	36.30787296
127.3328772	36.30745591
127.3366866	36.30749388
127.3530345	36.30677515
127.3489225	36.30655622
127.33523	36.306335
127.3555606	36.30636127
127.3510752	36.30525593
127.3475284	36.30461824
127.336534	36.30414213
127.334061	36.304086
127.345097	36.303655
127.3365246	36.30216685
127.33331	36.30210466
127.37148	36.359738
127.399153	36.34521
127.392865	36.345772
127.385535	36.339472
127.36731	36.352262
127.363967	36.350989
127.373818	36.356134
127.394777	36.334142
127.399236	36.336794
127.366371	36.331914
127.377873	36.328212
127.381125	36.329649
127.38246	36.318504
127.375664	36.320513
127.372928	36.320672
127.370704	36.315858
127.378783	36.29746
127.324816	36.29815
127.352057	36.295761
127.362721	36.306712
127.36327	36.302131
127.355937	36.299109
127.389161	36.331763
127.384656	36.328945
127.370039	36.354971
127.363158	36.353153
127.367312	36.349804
127.376906	36.341178
127.371623	36.345675
127.372939	36.349741
127.329701	36.28756
127.334148	36.300978
127.380736	36.336759
127.378991	36.338659
127.384178	36.337534
127.293885	36.263695
127.320348	36.275373
127.342307	36.235367
127.346239	36.260766
127.374597	36.334712
127.375118	36.330266
127.38381	36.317607
127.374408	36.320613
127.374543	36.323592
127.377355	36.314923
127.374519	36.314047
127.371756	36.311846
127.377345	36.350678
127.399706	36.350692
127.379825	36.324505
127.386736	36.327675
127.381359	36.323999
127.377753	36.296763
127.392767	36.336762
127.394255	36.335621
127.394959	36.338793
127.397012	36.33627
127.365727	36.357888
127.363337	36.355672
127.362437	36.305814
127.399274	36.34841
127.394038	36.346101
127.394405	36.340995
127.399708	36.358352
127.3820726	36.3454144
127.3898179	36.3366441
127.3793749	36.3325029
127.3840961	36.3386099
127.3820904	36.3368981
127.374525	36.348811
127.3465497	36.299371
127.3438855	36.2957316
127.3412032	36.2938386
127.376214	36.298908
127.374116	36.29977
127.37151	36.320691
127.383621	36.320699
127.382619	36.311234
127.381845	36.312911
127.377794	36.314242
127.378987	36.31182
127.368371	36.317142
127.368668	36.318176
127.36747	36.275936
127.368568	36.308046
127.361046	36.289878
127.383018	36.321402
127.386831	36.326679
127.383089	36.326899
127.384231	36.322461
127.400294	36.34279
127.397115	36.340416
127.400289	36.340299
127.390326	36.334859
127.378621	36.342049
127.39602	36.342171
127.392183	36.34291
127.394928	36.34514
127.396581	36.348569
127.382248	36.343821
127.401331	36.356585
127.398857	36.351128
127.374653	36.340986
127.384141	36.34237
127.382813	36.335395
127.390296	36.332651
127.386215	36.331692
127.378044	36.335674
127.37261	36.332517
127.372085	36.33161
127.366406	36.349765
127.366544	36.348648
127.371562	36.354991
127.365958	36.342823
127.365919	36.341135
127.373626	36.352738
127.371905	36.346622
127.374369	36.341444
127.366846	36.35449
127.354431	36.35365
127.371336	36.366053
127.357432	36.298274
127.34476	36.306338
127.354476	36.296472
127.353263	36.303706
127.336716	36.305096
127.335811	36.300927
127.341504	36.290825
127.285671	36.237481
127.309812	36.227322
127.307286	36.236433
127.367002	36.3007425
127.3778379	36.2977305
127.3760167	36.2962086
127.3799837	36.3112515
127.3843611	36.3141366
127.3787914	36.3185555
127.3765518	36.3222718
127.3719712	36.315515
127.375963	36.3173198
127.3700079	36.3168171
127.3742062	36.3167757
127.3607013	36.3229473
127.3666008	36.3058396
127.3712216	36.3290113
127.3767141	36.3259409
127.3855606	36.3273603
127.3962908	36.3374656
127.4012657	36.3396087
127.3956223	36.3442873
127.3919349	36.3421147
127.3766685	36.3510546
127.3849377	36.3535097
127.3806328	36.3358411
127.3748051	36.3384348
127.3817533	36.3379114
127.3792474	36.3366544
127.3883321	36.3333685
127.3745817	36.3311273
127.3755855	36.3339238
127.3632313	36.3521351
127.3646917	36.3522421
127.3642404	36.3459541
127.3742598	36.3450003
127.3534459	36.3411108
127.3753535	36.3653674
127.3551303	36.2991932
127.3523194	36.2987598
127.3214793	36.2935928
127.3521128	36.2678589
127.3015425	36.2577883
127.3426285	36.2219841
127.3440038	36.2753656
127.36088	36.306249
127.355412	36.297455
127.373317	36.348958
127.38502	36.330092
127.368941	36.357606
127.376994	36.347204
127.340198	36.301175
127.377039	36.338978
127.379429	36.340785
127.349358	36.231794
127.318711	36.238606
127.370857	36.33464
127.371231	36.327872
127.381765	36.315262
127.379195	36.317395
127.369147	36.311951
127.376929	36.312766
127.389181	36.349059
127.378906	36.346557
127.382173	36.367359
127.381114	36.326772
127.378659	36.329336
127.399012	36.338716
127.359718	36.354313
127.366138	36.358265
127.361813	36.29706
127.389829	36.34293
127.357996	36.356501
127.358642	36.356849
127.3601790	36.357774
127.364188	36.357899
127.3658710	36.3576410
127.3668900	36.356515
127.36778	36.35434
127.3667790	36.3546560
127.364669	36.3548450
127.3634950	36.354682
127.362449	36.3545210
127.3624490	36.354521
127.3607090	36.3554750
127.360678	36.355054
127.360614	36.3547450
127.3607440	36.3542380
127.3595910	36.3540390
127.3590250	36.3539400
127.3569540	36.3551590
127.3563560	36.3553030
127.3555250	36.3547460
127.3569980	36.3544930
127.356378	36.3541500
127.35604	36.353109
127.355142	36.3545000
127.3543370	36.35394
127.3541590	36.3538160
127.3522790	36.3524120
127.360458	36.3521240
127.353516	36.3414830
127.3772910	36.3610060
127.3628690	36.3596700
127.3669290	36.3620170
127.3754220	36.365274
127.3723230	36.3670980
127.373912	36.3663900
127.3719040	36.3170080
127.393736	36.337061
127.398432	36.3500310
127.380407	36.2978390
127.3703100	36.3546430
127.3832550	36.316421
127.3721370	36.3236210
127.372497	36.3249490
127.367934	36.3065140
127.3793520	36.3139160
127.377376	36.3225040
127.3934250	36.3332110
127.3781050	36.3310990
127.3533820	36.3532800
127.3610650	36.3579900
127.3659790	36.3563970
127.367148	36.3557680
127.3679020	36.355542
127.391785	36.3460310
127.3797640	36.3384960
127.3728870	36.348895
127.3758970	36.3481810
127.3745320	36.3462480
127.373461	36.3414290
127.3773120	36.3417420
127.3739430	36.3459140
127.3553350	36.3010190
127.378267	36.3113150
127.37478	36.3194290
127.371974	36.3142660
127.367541	36.3300430
127.389001	36.3525520
127.387416	36.3496710
127.379244	36.3368280
127.3551380	36.3049230
127.3733750	36.3419860
127.3724640	36.3475250
127.374039	36.347918
127.3704880	36.3224230
127.3984530	36.3509310
127.3768960	36.3521140
127.3898690	36.3532610
127.3636670	36.3559350
127.3768860	36.3624360
127.3898660	36.3509460
127.3789340	36.3618910
127.3756660	36.3539300
127.3816930	36.3332790
127.3793520	36.3139160
127.3883130	36.3544620
127.3527460	36.3483940
127.3652890	36.3064050
127.3887850	36.3515600
127.3898430	36.3496370
127.3637270	36.3547270
127.3861800	36.3481920
127.3773780	36.3503580
127.3618340	36.3572220
127.3824630	36.3582550
127.3843110	36.3336810
127.3872850	36.3216340
127.3780380	36.3696710
127.3872850	36.3472950
127.3927720	36.3464640
127.3783440	36.2997680
127.3642580	36.3048750
127.3892870	36.3408420
127.3784270	36.3616640
127.3541250	36.3460954
127.3760190	36.3505160
127.3778130	36.3555710
127.3711240	36.3478660
127.3951335	36.3514053
127.3891900	36.3464180
127.3778370	36.3594020
127.3411550	36.3285280
127.3787690	36.3305870
127.3494130	36.3034730
127.3386730	36.2992560
127.3746170	36.3473310
127.33286803	36.35377949
127.33151100	36.35018030
127.33974140	36.36459080
127.35204400	36.36395060
127.34797850	36.36145940
127.35110630	36.36065630
127.33542020	36.35174140
127.32935450	36.35019830
127.31667430	36.29991360
127.3419485	36.36211355
127.33772360	36.35851980
127.33708820	36.36552300
127.35835620	36.36381730
127.40120940	36.39787590
127.31577820	36.29928090
127.31658840	36.30519480
127.33920350	36.36221640
127.33431580	36.36079730
127.32040870	36.38817180
127.31100840	36.39336480
127.31838140	36.38094850
127.34982650	36.38815330
127.38028710	36.38561800
127.40646400	36.39779200
127.40026680	36.39635610
127.38893290	36.43588490
127.38276090	36.42959560
127.38537120	36.42228620
127.2902019	36.36013854
127.37830400	36.41781690
127.33361810	36.35784750
127.33618000	36.36226000
127.32982460	36.36090660
127.32019770	36.36036480
127.33071630	36.34876580
127.33483510	36.35453380
127.33070610	36.35303010
127.35434640	36.35986760
127.38982740	36.43697660
127.38769230	36.43787400
127.34751740	36.38860410
127.31260160	36.38935100
127.33111070	36.38892750
127.33214880	36.38782960
127.31688180	36.38139270
127.31628770	36.38011380
127.32116010	36.38919770
127.33614210	36.34951700
127.33152340	36.35867490
127.33265720	36.36040330
127.34889980	36.38957210
127.34961700	36.38994290
127.35122250	36.38874840
127.40029040	36.39889220
127.34851990	36.36345580
127.34734230	36.36281860
127.35203360	36.36580090
127.35314590	36.36275820
127.38237920	36.44001060
127.38343190	36.44064220
127.38649260	36.43623700
127.38439070	36.43309620
127.38380860	36.43483410
127.38321370	36.43350810
127.38522770	36.43439200
127.38119480	36.42957610
127.26652020	36.28682440
127.26499060	36.28793630
127.31657630	36.30522020
127.31473020	36.30210310
127.31643220	36.30431230
127.31558720	36.29876270
127.31649320	36.29862070
127.31417910	36.29988520
127.31259500	36.33411180
127.31274870	36.33499480
127.31815280	36.30035200
127.32070010	36.29526010
127.32026560	36.29442780
127.31946910	36.30290700
127.32052180	36.30310990
127.38386900	36.43609430
127.38385200	36.43120480
127.38699710	36.43641570
127.38777440	36.43561450
127.32836380	36.34957000
127.33191980	36.35958500
127.33352430	36.35524450
127.33310080	36.35046380
127.33922360	36.35106260
127.33932180	36.35270650
127.33984660	36.35750800
127.33321150	36.35959310
127.33378030	36.36490400
127.35244890	36.38876140
127.39583020	36.40014340
127.35561030	36.36269390
127.34878530	36.36245220
127.35195650	36.36135720
127.35069640	36.36392870
127.34918920	36.38650610
127.34796160	36.38984400
127.35067010	36.39109980
127.38526240	36.43338070
127.38565170	36.43557530
127.32230320	36.36837660
127.32041540	36.36955460
127.32035860	36.36849280
127.32195100	36.38762980
127.31991520	36.38606650
127.32061790	36.38861450
127.30857430	36.39286070
127.31618880	36.36834040
127.31572720	36.36470040
127.31276420	36.36612570
127.32822300	36.34971320
127.34005310	36.36313000
127.40318990	36.39726120
127.37765310	36.38450220
127.34845690	36.38734190
127.34776740	36.38723970
127.38404330	36.43592870
127.39173120	36.42277490
127.39051080	36.42287210
127.38925080	36.42331240
127.38747790	36.42541110
127.38653540	36.42381210
127.38793150	36.42321270
127.39384440	36.42517170
127.39434530	36.42460950
127.32033930	36.30408400
127.32180120	36.37586610
127.30124480	36.36071110
127.33352390	36.36093820
127.39062160	36.37908320
127.38029490	36.38678170
127.40791510	36.39905880
127.38136500	36.43804990
127.38819120	36.42159370
127.31978800	36.32223590
127.31262310	36.32402410
127.31068840	36.28511820
127.33483430	36.35644410
127.33791160	36.35229980
127.33276130	36.35501660
127.33517070	36.35859000
127.33497960	36.36310230
127.28902400	36.36161940
127.32055850	36.37424680
127.32164690	36.38076080
127.35120610	36.39220690
127.35040950	36.38638340
127.35315220	36.38587000
127.40404250	36.39679980
127.40255180	36.39779060
127.40611720	36.38023770
127.38698590	36.43444720
127.38668450	36.43353690
127.39120250	36.42392430
127.38786580	36.42561990
127.34884780	36.33484360
127.3298013	36.36419889
127.29995010	36.41480620
127.37815590	36.41478440
127.34598170	36.40036080
127.38537340	36.45731890
127.37920220	36.43930070
127.32464000	36.37995000
127.32446550	36.38059230
127.32179450	36.37586780
127.31252100	36.35780800
127.32025930	36.35345800
127.32422280	36.35894430
127.33352590	36.36093770
127.38381910	36.43178480
127.38949070	36.42116960
127.38429330	36.44768460
127.31697750	36.37155400
127.32034090	36.37191590
127.31594600	36.37398080
127.31741720	36.37791340
127.31741650	36.38207680
127.33142720	36.38724770
127.31295700	36.39340910
127.33532360	36.35344540
127.34805170	36.35310450
127.33361120	36.34895710
127.32995640	36.35160190
127.33954210	36.35911250
127.35153540	36.36387020
127.31571260	36.30414640
127.32014950	36.31523470
127.31799090	36.29814200
127.34006830	36.34919820
127.32437970	36.38733240
127.31397080	36.30189160
127.31968270	36.29844580
127.32033330	36.29617720
127.33565080	36.35422070
127.31587970	36.35761830
127.33387980	36.35228830
127.35008160	36.36175010
127.35009110	36.36272620
127.32300820	36.36946010
127.32255670	36.38718930
127.32742430	36.38075500
127.34958550	36.39176600
127.34842000	36.39150310
127.39795430	36.40123950
127.39451000	36.40018710
127.38618430	36.43543330
127.38561470	36.43781900
127.39714560	36.42092720
127.39280760	36.42438760
127.38384160	36.44547650
127.40393660	36.37696124
127.35134010	36.35987270
127.33729980	36.41123280
127.33924440	36.41284900
127.33731120	36.41269410
127.33713030	36.41449940
127.35567600	36.38133260
127.31740560	36.30225000
127.31515730	36.30094610
127.31672100	36.29717180
127.32403660	36.31456890
127.32259750	36.31563770
127.32274100	36.31456240
127.29866340	36.34433220
127.29874250	36.34335790
127.32028250	36.30133680
127.34032060	36.36220340
127.31502470	36.36802130
127.40316530	36.39777890
127.40558500	36.40024040
127.40549950	36.39858840
127.39914942	36.40049123
127.34963350	36.35767800
127.34485110	36.35366930
127.38457270	36.42038190
127.38849290	36.41958210
127.38764220	36.43727500
127.32054200	36.37073680
127.31432160	36.38965600
127.31265890	36.38646890
127.30770060	36.39493280
127.30892400	36.39146890
127.33427420	36.35055710
127.34093440	36.35958710
127.35303150	36.36093470
127.34795680	36.36209650
127.39485400	36.47570240
127.33797730	36.35930020
127.33556320	36.35788310
127.34608740	36.38583310
127.33483250	36.32743870
127.32935340	36.32537870
127.32219170	36.35045140
127.32492690	36.36068990
127.29521890	36.36089990
127.31640600	36.38805020
127.35135400	36.39078170
127.40593640	36.40457490
127.36456900	36.44692100
127.39816980	36.40979250
127.31976800	36.36108870
127.30103300	36.36153350
127.30269260	36.36155340
127.30307390	36.36062470
127.30118720	36.35987090
127.30227010	36.35932660
127.30402970	36.35904030
127.30081910	36.35887080
127.30267930	36.35810970
127.30614620	36.36124390
127.30737580	36.36024780
127.30840650	36.36055400
127.30943180	36.35940540
127.30549750	36.35962950
127.30658920	36.35890750
127.30813410	36.35844900
127.30963010	36.35865150
127.30685570	36.35846090
127.30718560	36.35743330
127.30885530	36.35784960
127.30907290	36.35699530
127.31026380	36.35639800
127.30298970	36.35975050
127.30449710	36.36035040
127.30407730	36.35777020
127.30475590	36.35737280
127.30806100	36.35656650
127.30882880	36.35610050
127.30712230	36.35967760
127.32178720	36.37992280
127.33258660	36.38938580
127.34823640	36.38660820
127.40423700	36.38273560
127.33909820	36.41521900
127.38062490	36.38321970
127.37672340	36.41211400
127.30005610	36.34442300
127.31762700	36.30066560
127.33073560	36.35277620
127.30171700	36.34238740
127.33175440	36.35075070
127.33467740	36.36481310
127.33330530	36.34713280
127.31822490	36.29823600
127.41106510	36.40557100
127.33168580	36.35285020
127.30756910	36.32155510
127.29930730	36.38929970
127.34331230	36.36218250
127.35847400	36.36446260
127.37811940	36.49420400
127.31502460	36.36965640
127.34797820	36.38613000
127.29483850	36.34565930
127.29928640	36.41075430
127.25506490	36.28109100
127.32776310	36.31196800
127.39343560	36.42301550
127.38074010	36.41575240
127.34347890	36.35256410
127.34758920	36.35132690
127.34415980	36.34998400
127.34532480	36.34882240
127.34241900	36.34883800
127.33596190	36.34827520
127.34162550	36.34704770
127.33995590	36.34700530
127.33555570	36.34626860
127.34405640	36.34577170
127.3465917	36.34444238
127.34176950	36.34484160
127.33974040	36.34420100
127.34172640	36.34386320
127.33931510	36.34327660
127.33577190	36.34288230
127.33264440	36.34245020
127.34258200	36.34196190
127.34407330	36.34165080
127.34302990	36.34019630
127.34830580	36.33921320
127.34497870	36.33851990
127.34217850	36.33859170
127.33270260	36.33829860
127.33607820	36.33801560
127.33855760	36.33797100
127.34757790	36.33768320
127.34817860	36.33714690
127.34921530	36.33699350
127.33815250	36.33639600
127.33886800	36.33477010
127.33623200	36.33461400
127.33354180	36.33442280
127.34475010	36.33356390
127.34614280	36.33355200
127.33828460	36.33343750
127.34616090	36.33246410
127.33721540	36.33132470
127.33394240	36.33124690
127.33188790	36.33087960
127.33598230	36.33004980
127.33176650	36.32750000
127.31357460	36.39051530
127.31393340	36.38937630
127.30230290	36.37961400
127.32227310	36.37468170
127.33350130	36.38816860
127.31615190	36.30601890
127.39875790	36.39641310
127.31522280	36.37519620
127.30780050	36.39393260
127.31518190	36.31096660
127.31361360	36.30156730
127.31407420	36.39435250
127.31428110	36.40341770
127.32122170	36.30040930
127.39186650	36.42231010
127.34566830	36.38973430
127.32342830	36.35946300
127.35217350	36.38857030
127.30407420	36.32524240
127.30101750	36.33339150
127.33964390	36.35570080
127.34080180	36.36146140
127.29537250	36.41431860
127.31795590	36.37386450
127.37393720	36.40166510
127.37668570	36.38686640
127.32234760	36.34381060
127.30393040	36.34520840
127.33264370	36.34902570
127.32405520	36.33655290
127.34334950	36.35538250
127.33105190	36.35412190
127.35410560	36.36235310
127.33779300	36.36652280
127.34061670	36.36451300
127.33623660	36.35962390
127.31548010	36.39026500
127.31147990	36.40342550
127.32315900	36.38595110
127.32066450	36.38212750
127.34814110	36.38809160
127.35120780	36.38740040
127.35158835	36.39030430
127.39592340	36.42197430
127.39080880	36.42529940
127.39841110	36.41793780
127.40131820	36.39946990
127.38527600	36.43349180
127.38868150	36.43761700
127.26551840	36.27975940
127.33292770	36.31531960
127.32425810	36.32352700
127.32789750	36.35340780
127.3264233	36.29003333
127.31330590	36.39730690
127.31566120	36.39824220
127.31302160	36.40056200
127.33689820	36.35133050
127.38485350	36.42152860
127.32271240	36.38362700
127.33485780	36.36437620
127.29914170	36.34944370
127.31659460	36.34266270
127.31390780	36.34141870
127.31207170	36.34380900
127.40355230	36.41438920
127.386516	36.4134133
127.3889614	36.424677
127.3871518	36.4256048
127.4022266	36.4084757
127.3863802	36.4377562
127.3965171	36.485549
127.3812039	36.434112
127.3856307	36.4331182
127.3205068	36.3802667
127.3170156	36.3661585
127.3382113	36.3598266
127.3395443	36.358801
127.341521	36.359164
127.3418837	36.3606404
127.3516127	36.3616523
127.3241155	36.3874226
127.3256826	36.3871505
127.4026479	36.396346
127.4039462	36.398274
127.3198586	36.3131209
127.2797873	36.2702747
127.2644945	36.3132325
127.3188459	36.2997699
127.2593429	36.2831265
127.3320354	36.3396715
127.34265290	36.35737460
127.37785440	36.44449010
127.3845699	36.4224928
127.3883424	36.4299234
127.3922186	36.425563
127.3756985	36.3880486
127.3414291	36.4150863
127.3485135	36.390172
127.3234206	36.3749391
127.3173253	36.3829357
127.3011877	36.4138579
127.317379	36.3695598
127.323906	36.3826543
127.3238297	36.3811717
127.2896144	36.3456579
127.295634	36.3500462
127.3355956	36.3656126
127.3184354	36.2991485
127.31854	36.2975002
127.3252222	36.3114014
127.2742582	36.2928232
127.3367652	36.3524617
127.3469216	36.3578364
127.345562	36.3578886
127.3498216	36.3584632
127.3454192	36.3590179
127.3398283	36.3525602
127.3322072	36.3518868
127.3024538	36.3778022
127.2968173	36.3902944
127.3369971	36.3607107
127.3456453	36.3610191
127.3468443	36.3599877
127.3169338	36.3635697
127.2984285	36.4041682
127.3374125	36.369647
127.3396797	36.3704488
127.4044829	36.3991955
127.4077082	36.4053778
127.3997299	36.4102088
127.3742137	36.4028666
127.3378408	36.357784
127.3101883	36.3267907
127.358014	36.360548
127.36	36.361414
127.32745	36.381623
127.344195	36.358562
127.3412713	36.3520953
127.4027103	36.3987996
127.3152512	36.3554395
127.3160532	36.3740403
127.333403	36.356968
127.341095	36.358084
127.35718	36.361592
127.338036	36.356896
127.360342	36.361612
127.304536	36.288855
127.318503	36.367302
127.331833	36.366807
127.393341	36.424965
127.393928	36.425805
127.343821	36.348498
127.335148	36.343278
127.346981	36.337754
127.319249	36.296769
127.329686	36.324194
127.346981	36.337754
127.344502	36.368084
127.327915	36.366707
127.321047	36.384121
127.335148	36.343278
127.345401	36.353172
127.3193476	36.37405794
127.4062266	36.39935903
127.3202173	36.29998291
127.3374476	36.35028895
127.3366139	36.35743026
127.3570311	36.36298062
127.387133	36.43582183
127.3129638	36.39190076
127.3120323	36.39171111
127.3877801	36.42224541
127.3942296	36.41870941
127.3942296	36.41870941
127.3387042	36.36046791
127.3173669	36.38646569
127.3195113	36.37326596
127.3195165	36.37444135
127.3184971	36.37252742
127.3894582	36.42338628
127.3373	36.34583
127.34171	36.34529
127.3173083	36.37595821
127.31817	36.37504
127.3400285	36.35297902
127.3497361	36.3904167
127.3355824	36.34570883
127.3945713	36.37746679
127.4057612	36.40106481
127.3334981	36.3621489
127.3475183	36.36267248
127.3485332	36.36259826
127.3505049	36.36237311
127.3528317	36.36288086
127.3527575	36.36384316
127.3502967	36.36439117
127.3440018	36.35170184
127.3217518	36.37204774
127.3209202	36.37572026
127.4057559	36.39997846
127.3038402	36.34246272
127.3389941	36.35414062
127.3022838	36.38082737
127.350702	36.36045646
127.3486774	36.36115824
127.349912	36.36182919
127.3517719	36.36147315
127.3331259	36.35895693
127.3347246	36.35974237
127.3189762	36.31264326
127.338342	36.37341013
127.3808165	36.38336681
127.3409086	36.33371651
127.4522526	36.3559908
127.4174395	36.3526777
127.4174184	36.3502814
127.428727	36.3605387
127.4267614	36.3607953
127.4257257	36.3576476
127.433869	36.363278
127.4339941	36.4506014
127.4209842	36.4345494
127.4524352	36.3600055
127.4404499	36.3603074
127.4329699	36.3663621
127.4223067	36.3747893
127.4217277	36.3983976
127.4378002	36.4134363
127.4372089	36.3700699
127.4378117	36.3688523
127.4276979	36.3681863
127.4332648	36.3699882
127.4451405	36.3647913
127.4267598	36.3648907
127.4127991	36.3636996
127.4092367	36.363157
127.4227881	36.3772996
127.4137062	36.3564862
127.4110685	36.3572433
127.4113325	36.3492143
127.4205511	36.3501054
127.4353414	36.4531107
127.4249247	36.4481722
127.4337921	36.4461385
127.4341584	36.4474566
127.4191563	36.4336402
127.4116254	36.4459802
127.4145785	36.4458789
127.4180831	36.3752902
127.4481296	36.3560296
127.4439812	36.3590804
127.4411636	36.3570125
127.4319127	36.3672522
127.4241777	36.4001616
127.4420178	36.3550972
127.4238347	36.3702812
127.4344864	36.3652736
127.4165129	36.3449786
127.4260365	36.3506786
127.4236685	36.3638647
127.4242262	36.3490481
127.4293429	36.3626954
127.4103223	36.3553175
127.4100513	36.351824
127.4137703	36.351004
127.4322296	36.362982
127.430918	36.3594511
127.4285816	36.3614731
127.4290227	36.3567207
127.4307509	36.4462287
127.4354324	36.450066
127.4266857	36.4474117
127.4220433	36.4440107
127.4301175	36.448605
127.4234643	36.435902
127.4204518	36.4466617
127.4320535	36.4379397
127.4377143	36.3614172
127.4375426	36.3610586
127.4374246	36.3605446
127.460627	36.3569452
127.4287968	36.453945
127.4287968	36.453945
127.424028	36.4494668
127.4385238	36.4532177
127.4131012	36.3592824
127.4071378	36.3540875
127.4159848	36.3544849
127.4142869	36.346122
127.4122803	36.3552355
127.4091124	36.3596876
127.4131158	36.3539723
127.4133639	36.3475578
127.416303	36.3514602
127.4179647	36.3507257
127.4185245	36.3479421
127.4162089	36.356764
127.4507369	36.3611731
127.4488462	36.3573113
127.4461327	36.3559816
127.4540375	36.3584306
127.4528251	36.3587079
127.4539324	36.3554284
127.4445343	36.3533299
127.4516181	36.3547334
127.4378076	36.364045
127.4474667	36.3586406
127.4556929	36.3547472
127.4393475	36.3644057
127.446257	36.3601779
127.4465608	36.3592222
127.4355147	36.3689321
127.4403192	36.3544631
127.4392576	36.3621226
127.4432646	36.3587696
127.4459794	36.3626673
127.440103	36.3575717
127.4429597	36.3570493
127.4473184	36.3630764
127.4316283	36.3651339
127.4308636	36.3659364
127.4115413	36.3652273
127.4150127	36.3664478
127.4116191	36.3642318
127.4289531	36.3582512
127.4332944	36.3595005
127.4307074	36.3629521
127.4226326	36.3596089
127.4335854	36.3642917
127.4289576	36.3666214
127.415625	36.3628019
127.4285438	36.3655629
127.4298674	36.3643702
127.4202484	36.3598949
127.428015	36.3594361
127.423786	36.3657022
127.4274181	36.3638962
127.4219778	36.3608536
127.4230077	36.3610883
127.4354756	36.3650014
127.4251385	36.3663354
127.4226476	36.3636416
127.4247595	36.3623351
127.4510247	36.3572928
127.4556501	36.3566314
127.426571	36.398102
127.4210453	36.3785683
127.4201742	36.3984769
127.4240201	36.4011356
127.4239565	36.4027129
127.4244261	36.3776992
127.4408535	36.4162476
127.4303409	36.4500213
127.4295387	36.4505503
127.424822	36.3720653
127.4250064	36.3941675
127.4325696	36.4452545
127.4301927	36.4416344
127.4378671	36.4502563
127.432939	36.4497219
127.4330104	36.4491619
127.431184	36.4481964
127.4275094	36.4534113
127.4327695	36.4472909
127.428048	36.4462122
127.4256129	36.4516224
127.4217537	36.4481182
127.4265958	36.4494554
127.446326	36.3559149
127.4521482	36.355849
127.442819	36.3567092
127.440413	36.3577588
127.4209585	36.3574246
127.4206125	36.3575052
127.427807	36.3595469
127.429625	36.3643294
127.4232321	36.3608986
127.414911	36.3462891
127.4276756	36.3633244
127.4323119	36.3630835
127.4247303	36.3721795
127.4259362	36.370754
127.4283146	36.3670405
127.4317693	36.3702562
127.4315661	36.3654126
127.4329658	36.4485819
127.426193	36.4472505
127.4249443	36.4514415
127.422976	36.4359586
127.4258361	36.442099
127.4262542	36.4406614
127.4219794	36.4435227
127.421688	36.3730177
127.4206366	36.3972219
127.4203883	36.3757096
127.4124122	36.4458795
127.4357671	36.4470168
127.434435	36.4527604
127.4189208	36.4326607
127.4198972	36.4314347
127.4106251	36.4459242
127.4226284	36.4519656
127.4223985	36.4511215
127.4325528	36.3630426
127.4366986	36.3637919
127.4425959	36.4055916
127.4202083	36.4541164
127.4207662	36.4539955
127.413824	36.424873
127.4197842	36.3748204
127.4486591	36.3534062
127.4452803	36.3633211
127.4211933	36.3625829
127.4119166	36.3503758
127.4060909	36.3502911
127.4276972	36.3620342
127.4307685	36.4424184
127.4304142	36.4522618
127.4236368	36.4462178
127.43359	36.431789
127.4511456	36.4487034
127.4214008	36.4428076
127.4224915	36.4404147
127.4117781	36.4430249
127.4226447	36.4321057
127.429994	36.4430074
127.4164425	36.3593968
127.4244976	36.3618548
127.4757973	36.4748677
127.4370559	36.4372456
127.4313248	36.3624963
127.412317	36.346826
127.418224	36.363648
127.4275755	36.4493275
127.427764	36.4524243
127.425586	36.3758569
127.4186357	36.3449541
127.4217344	36.3602422
127.4164599	36.3637501
127.4146838	36.6349284
127.413479	36.34538
127.40985	36.353773
127.405741	36.351255
127.416962	36.359488
127.429768	36.371652
127.436339	36.362632
127.419608	36.379141
127.4065	36.356043
127.44557	36.355353
127.424243	36.449608
127.420671	36.399482
127.415581	36.348044
127.408624	36.357582
127.406525	36.356969
127.431823	36.367634
127.42909	36.449707
127.424937	36.450538
127.4396	36.365268
127.423952	36.452246
127.429105	36.451521
127.426156	36.350944
127.449257	36.354333
127.432539	36.361778
127.424665	36.450459
127.437444	36.366181
127.429566	36.447303
127.426238	36.360671
127.422126	36.446403
127.424038	36.370264
127.43837	36.367173
127.427328	36.360772
127.429012	36.361041
127.43519	36.451199
127.411642	36.356694
127.419125	36.448875
127.412851	36.350627
127.4177136	36.3723875
127.441325	36.356799
127.432418	36.36614
127.433005	36.450055
127.422131	36.441027
127.405714	36.354877
127.425947	36.352408
127.434251	36.364473
127.429563	36.36447
127.444318	36.353241
127.472505	36.472676
127.431753	36.3670504
127.4007525	36.4476551
127.4178954	36.3707211
127.4071576	36.3557897
127.4117493	36.427449
127.4275041	36.3656638
127.43605	36.365262
127.4234214	36.3641229
127.445699	36.356401
127.4258822	36.4426164
127.4222953	36.4414134
127.4205468	36.4383912
127.420587	36.4334044
127.4237902	36.4346155
127.4201353	36.4369389
127.4245902	36.4369418
127.4108794	36.4440789
127.4155102	36.4480305
127.4214945	36.4362996
127.421674	36.445258
127.4147151	36.4471785
127.4046055	36.4464123
127.4127591	36.3488734
127.4206916	36.3743636
127.441393	36.3587528
127.42683	36.3712222
127.4332566	36.3653998
127.4337296	36.367995
127.4197833	36.4323916
127.420994	36.432886
127.4347852	36.4541408
127.4356579	36.4484259
127.417271	36.3490366
127.4221103	36.4428595
127.4125072	36.4462758
127.4464649	36.3650356
127.4410891	36.368432
127.4458224	36.362709
127.4469915	36.3612925
127.4352747	36.3645303
127.4351245	36.3649234
127.439477	36.3642672
127.4393361	36.361957
127.4201649	36.3612922
127.4152503	36.3639202
127.412084	36.3639549
127.4209787	36.3764138
127.4410448	36.3539755
127.4410423	36.3647
127.4419408	36.3641945
127.4212899	36.4496627
127.4105843	36.3638113
127.4274772	36.3648323
127.416288	36.4483791
127.4212182	36.3490359
127.4233132	36.3981964
127.4124808	36.3574463
127.411824	36.42808
127.4192004	36.3748207
127.4249443	36.4514415
127.4067701	36.3536839
127.419818	36.3777256
127.4266287	36.4457082
127.4155871	36.3670901
127.425838	36.4450425
127.4257746	36.356199
127.4224967	36.3622941
127.4248008	36.3613328
127.4327552	36.4503889
127.4236449	36.4449587
127.4119487	36.4470886
127.4118946	36.4478115
127.4213773	36.4357304
127.4748514	36.47307
127.4735693	36.4732873
127.4723319	36.4707504
127.4216085	36.4325987
127.4319756	36.3620372
127.4273296	36.3567283
127.4086781	36.3524938
127.4275765	36.3776666
127.4469791	36.3612186
127.4362359	36.3683944
127.4196981	36.3600285
127.4298824	36.3573161
127.4214252	36.357161
127.4366457	36.3632166
127.4223268	36.3570329
127.4299741	36.3615993
127.4283303	36.36291
127.4214359	36.3602661
127.4265765	36.3686916
127.4343827	36.3665566
127.4324409	36.3670401
127.4288113	36.3742406
127.4110715	36.4464115
127.4328819	36.450037
127.435959	36.450219
127.4215396	36.4430308
127.4264584	36.4419911
127.4225763	36.4359758
127.4105915	36.4437941
127.4147811	36.3654524
127.4115315	36.3478835
127.4389781	36.361575
127.4236131	36.4476399
127.4092614	36.3545602
127.4184064	36.3524738
127.4450147	36.3540158
127.4479067	36.3662077
127.4513141	36.3602852
127.4429668	36.3547544
127.4248705	36.4319473
127.4351978	36.4524295
127.4311635	36.4475442
127.4216357	36.4403802
127.4194523	36.448218
127.4120912	36.3591408
127.422799	36.3489995
127.4114497	36.3535742
127.4180291	36.3491893
127.4142739	36.3600226
127.4441403	36.3519958
127.4251557	36.3521568
127.4474646	36.3602125
127.4412607	36.3629677
127.4262788	36.3655692
127.4147165	36.3632633
127.4117915	36.3668162
127.4165863	36.3465003
127.4196879	36.3512778
127.40863	36.3567044
127.4104106	36.3615947
127.4144077	36.3532349
127.4254188	36.4012861
127.4269456	36.3687015
127.431454	36.3639102
127.4324565	36.3648969
127.4502	36.3604505
127.4521187	36.3594579
127.4375772	36.3677723
127.4469302	36.3581198
127.433954	36.371257
127.4361154	36.370632
127.4264153	36.3776141
127.4200913	36.425071
127.4335476	36.451802
127.4246836	36.4435621
127.4275561	36.4415376
127.4248295	36.452527
127.430353	36.4435339
127.4190542	36.3514071
127.4241352	36.3628297
127.4234237	36.3639556
127.4194193	36.3486682
127.4269848	36.3539734
127.4142821	36.3553357
127.4237556	36.3618396
127.4205867	36.3580714
127.4166702	36.3657926
127.400236	36.3685411
127.443244	36.3574689
127.4440566	36.3599098
127.4374583	36.3619328
127.4402089	36.3556995
127.4492544	36.3603716
127.4468742	36.3572456
127.4503492	36.3597977
127.4297929	36.4528553
127.4316866	36.4434
127.437258	36.4479829
127.4285704	36.4467624
127.4239585	36.4365071
127.4273434	36.3613008
127.4125768	36.3652155
127.4226813	36.3605509
127.4300884	36.3607996
127.4498794	36.3577118
127.4405731	36.3622842
127.4249475	36.4025656
127.4225619	36.4278482
127.4061598	36.452098
127.4308416	36.4515947
127.4250385	36.4462142
127.4273533	36.4512556
127.4232865	36.4471773
127.4158192	36.3556627
127.446501	36.357852
127.418733	36.358839
127.4227374	36.4393056
127.4197533	36.4210061
127.410248	36.3645854
127.4156426	36.3612513
127.4110492	36.3591317
127.4408208	36.3610449
127.4517214	36.3585347
127.438108	36.3699532
127.4258611	36.448311
127.3976281	36.3672076
127.4173627	36.3642185
127.427251	36.3524902
127.4089222	36.355521
127.4247378	36.3556056
127.4301952	36.3594333
127.4259783	36.3629493
127.4202134	36.3765813
127.4280635	36.4451218
127.4250243	36.4111148
127.4262508	36.3961365
127.4513232	36.3555551
127.4309077	36.4456533
127.4111732	36.4447225
127.4143293	36.3593761
127.4124302	36.3658233
127.4265704	36.3721141
127.4325772	36.371648
127.438591	36.3629422
127.4262856	36.4517148
127.4144563	36.365438
127.4173335	36.364481
127.4526221	36.4483008
127.4630026	36.4109007
127.4666421	36.4126352
127.4660102	36.4277074
127.4669213	36.4423778
127.4655798	36.4472447
127.4677595	36.4505296
127.4671558	36.4642469
127.4675159	36.4651256
127.4243474	36.4351486
127.4193689	36.3756015
127.4691465	36.4667899
127.4723182	36.4697248
127.4371014	36.4539401
127.4357554	36.4464414
127.4213744	36.4490965
127.4234116	36.4482045
127.4362142	36.3655853
127.4357941	36.3681276
127.4341219	36.4498549
127.4258826	36.3756219
127.4253598	36.3745566
127.4221917	36.4380574
127.4237203	36.4441843
127.4382584	36.4135996
127.4281297	36.3669995
127.4239275	36.3968734
127.4250343	36.3983754
127.4345477	36.4482485
127.4344899	36.4462425
127.4359944	36.4547788
127.4231563	36.4501452
127.4120772	36.4464505
127.4434757	36.3634232
127.4243437	36.436179
127.4284789	36.3628271
127.4562747	36.3553212
127.4588935	36.3567903
127.4424181	36.3644942
127.4428864	36.3691402
127.4326322	36.3722535
127.4294556	36.374581
127.433913	36.3707904
127.4231497	36.3663979
127.4235081	36.3687831
127.4243594	36.3731577
127.4109703	36.441391
127.4122744	36.3562792
127.4224132	36.4388894
127.4275888	36.4502477
127.4273911	36.4441199
127.4105621	36.4452648
127.4275094	36.4534113
127.4275561	36.4415376
127.4123924	36.3521251
127.4094907	36.3588943
127.4143014	36.3641679
127.4175009	36.3764021
127.4434436	36.3514702
127.419118	36.3575401
127.4240467	36.358106
127.4213796	36.3592482
127.4288099	36.3656645
127.4270003	36.385231
127.442666	36.394957
127.4490035	36.3672446
127.4419314	36.3565937
127.4448164	36.3612562
127.4301996	36.4448367
127.4456943	36.4486951
127.4754721	36.4566203
127.4135084	36.3654086
127.4059272	36.4480261
127.424243	36.449608
127.4237091	36.4413817
127.424134	36.4425032
127.4449417	36.3593796
127.444884	36.3571635
127.4196576	36.4353701
127.4211814	36.4351561
127.4526428	36.3566866
127.4270495	36.4423036
127.4273678	36.3626409
127.4231674	36.3649209
127.4544315	36.3569708
127.4281571	36.3639659
127.432765	36.3642092
127.434993	36.3634943
127.3981125	36.4430807
127.3985524	36.4430677
127.4034745	36.4464015
127.4031205	36.4468934
127.4101764	36.4435056
127.4108791	36.4430179
127.410804	36.4426727
127.4132083	36.3540903
127.4141506	36.3514476
127.4338701	36.3705485
127.4216775	36.3512163
127.4307918	36.3613526
127.4230717	36.401623
127.4189976	36.3508661
127.4268253	36.3549871
127.4176415	36.3658523
127.4130147	36.3644691
127.4528177	36.3549987
127.444048	36.3655757
127.4223403	36.3642116
127.4422778	36.3557126
127.4277829	36.4541589
127.425721	36.450036
127.4140608	36.4485371
127.4249579	36.4404495
127.4192086	36.4286915
127.471105	36.416409
127.470541	36.415999
127.4282498	36.3649649
127.4267177	36.3638761
127.4463311	36.3608968
127.4490006	36.354923
127.421326	36.375619
127.4133639	36.3475578
127.429681	36.3639265
127.4314497	36.3603553
127.4243396	36.3638728
127.4348589	36.3624875
127.4257144	36.3619527
127.4146884	36.3543301
127.4159763	36.3576858
127.4071771	36.3525077
127.4758323	36.4548811
127.4094519	36.3498361
127.4106571	36.3489451
127.4188846	36.3656477
127.4109325	36.3648172
127.3991685	36.3691916
127.4023044	36.370309
127.4167428	36.3905342
127.4218088	36.3777787
127.4421487	36.3578927
127.4411186	36.3538898
127.4484877	36.3566748
127.428075	36.3723403
127.4488943	36.4486943
